data_lancamento,tipo,categoria,subcategoria,descricao,cliente_fornecedor,centro_custo,valor,data_vencimento,data_pagamento,status,conta
2025-01-01,Despesa,Impostos,Tributos,Tributos sobre faturamento,Fornecedor Prime,TI,2583.09,2025-02-15,,Em aberto,Conta Corrente
2025-01-01,Receita,Serviços,Assessoria,Assessoria administrativa,Cliente Alpha,Comercial,11972.24,2025-01-31,2025-01-29,Recebido,Conta Digital
2025-01-01,Despesa,Operacional,Energia,Conta de energia,Fornecedor Central,Comercial,90.91,2025-01-21,,Em aberto,Conta Investimento
2025-01-01,Despesa,Comercial,Marketing,Publicidade digital,Fornecedor Atlas,Operacional,1494.34,2025-01-11,2025-01-11,Pago,Conta Corrente
2025-01-02,Despesa,Financeira,Tarifas Bancárias,Tarifa bancária,Fornecedor Digital,Administrativo,637.45,2025-02-01,,Em aberto,Conta Digital
2025-01-02,Receita,Outras Receitas,Recuperação de Créditos,Recuperação de valores,Cliente Gama,Comercial,7810.39,2025-02-01,2025-01-29,Recebido,Conta Corrente
2025-01-02,Despesa,Administrativa,Material de Escritório,Material de escritório,Fornecedor Beta,Operacional,506.08,2025-02-01,2025-01-31,Pago,Conta Digital
2025-01-04,Despesa,Operacional,Energia,Conta de energia,Fornecedor Atlas,Administrativo,1509.65,2025-01-19,2025-01-16,Pago,Conta Investimento
2025-01-04,Receita,Serviços,Consultoria,Consultoria estratégica,Cliente Beta,Projetos,5841.48,2025-01-24,,Em aberto,Conta Corrente
2025-01-05,Despesa,Administrativa,Serviços Terceirizados,Suporte técnico,Fornecedor Atlas,Comercial,3018.79,2025-01-15,2025-01-13,Pago,Conta Digital
2025-01-05,Despesa,Comercial,Marketing,Material institucional,Fornecedor Beta,Administrativo,205.94,2025-01-25,2025-01-23,Pago,Conta Digital
2025-01-05,Receita,Serviços,Assessoria,Assessoria mensal,Cliente Delta,Consultoria,17131.37,2025-01-25,2025-01-24,Recebido,Conta Investimento
2025-01-05,Despesa,Administrativa,Material de Escritório,Material de escritório,Fornecedor Digital,TI,2525.6,2025-02-04,,Atrasado,Conta Corrente
2025-01-06,Despesa,Operacional,Internet,Internet empresarial,Fornecedor Atlas,RH,1748.22,2025-01-11,2025-01-06,Pago,Conta Digital
2025-01-06,Despesa,Operacional,Aluguel,Aluguel do escritório,Fornecedor Central,Financeiro,7386.37,2025-01-16,2025-01-11,Pago,Conta Corrente
2025-01-07,Despesa,Operacional,Aluguel,Aluguel do escritório,Fornecedor Prime,RH,7406.65,2025-03-08,2025-03-08,Pago,Conta Corrente
2025-01-08,Receita,Serviços,Consultoria,Consultoria estratégica,Cliente Delta,Consultoria,7143.9,2025-01-18,2025-01-13,Recebido,Conta Corrente
2025-01-09,Despesa,Administrativa,Serviços Terceirizados,Serviços contábeis,Fornecedor Prime,Comercial,1215.08,2025-02-08,2025-02-07,Pago,Conta Digital
2025-01-09,Despesa,Impostos,Tributos,Impostos e contribuições,Fornecedor Beta,TI,7502.02,2025-01-19,2025-01-14,Pago,Conta Investimento
2025-01-09,Receita,Serviços,Projetos,Projeto de análise,Cliente Beta,Projetos,3453.49,2025-02-08,2025-02-06,Recebido,Conta Digital
2025-01-10,Receita,Serviços,Consultoria,Consultoria empresarial,Cliente Delta,Comercial,1967.94,2025-01-15,2025-01-15,Recebido,Conta Corrente
2025-01-10,Receita,Outras Receitas,Recuperação de Créditos,Recuperação de valores,Cliente Beta,Comercial,1835.85,2025-01-20,2025-01-19,Recebido,Conta Investimento
2025-01-12,Receita,Serviços,Projetos,Projeto de análise,Cliente Gama,Projetos,33537.36,2025-01-27,,Cancelado,Conta Corrente
2025-01-12,Receita,Outras Receitas,Recuperação de Créditos,Recuperação de valores,Cliente Delta,Projetos,2984.52,2025-01-27,2025-01-25,Recebido,Conta Corrente
2025-01-13,Receita,Serviços,Projetos,Projeto de análise,Cliente Ômega,Projetos,4774.07,2025-02-12,,Em aberto,Conta Corrente
2025-01-13,Despesa,Comercial,Marketing,Material institucional,Fornecedor Prime,Comercial,693.39,2025-02-12,2025-02-12,Pago,Conta Investimento
2025-01-13,Despesa,Operacional,Internet,Internet empresarial,Fornecedor Prime,Financeiro,3102.23,2025-02-27,2025-02-27,Pago,Conta Digital
2025-01-14,Despesa,Comercial,Marketing,Material institucional,Fornecedor Beta,Operacional,448.67,2025-02-03,2025-01-29,Pago,Conta Investimento
2025-01-14,Despesa,Impostos,Tributos,Impostos e contribuições,Fornecedor Atlas,RH,7248.92,2025-02-13,2025-02-10,Pago,Conta Corrente
2025-01-15,Despesa,Operacional,Software,Licença de software,Fornecedor Beta,Administrativo,481.87,2025-01-30,2025-01-27,Pago,Conta Investimento
2025-01-15,Despesa,Operacional,Software,Licença de software,Fornecedor Atlas,Administrativo,1548.75,2025-01-30,,Em aberto,Conta Corrente
2025-01-16,Despesa,Operacional,Energia,Conta de energia,Fornecedor Central,Operacional,1044.05,2025-01-26,2025-01-21,Pago,Conta Digital
2025-01-17,Despesa,Pessoal,Benefícios,Plano de benefícios,Fornecedor Atlas,TI,203.96,2025-03-03,2025-03-02,Pago,Conta Corrente
2025-01-18,Despesa,Operacional,Software,Licença de software,Fornecedor Prime,Administrativo,670.81,2025-01-28,,Em aberto,Conta Digital
2025-01-19,Receita,Serviços,Consultoria,Consultoria estratégica,Cliente Alpha,Projetos,5963.06,2025-02-08,2025-02-07,Recebido,Conta Investimento
2025-01-19,Receita,Serviços,Projetos,Projeto de análise,Cliente Alpha,Projetos,11305.2,2025-01-24,2025-01-23,Recebido,Conta Digital
2025-01-20,Despesa,Impostos,Tributos,Impostos e contribuições,Fornecedor Beta,Comercial,9944.36,2025-02-09,2025-02-08,Pago,Conta Digital
2025-01-20,Receita,Serviços,Assessoria,Assessoria mensal,Cliente Gama,Projetos,7370.47,2025-01-25,2025-01-22,Recebido,Conta Corrente
2025-01-21,Despesa,Operacional,Energia,Conta de energia,Fornecedor Beta,TI,931.0,2025-03-07,2025-03-05,Pago,Conta Digital
2025-01-21,Receita,Outras Receitas,Recuperação de Créditos,Recuperação de valores,Cliente Alpha,Projetos,10327.17,2025-02-20,2025-02-20,Recebido,Conta Investimento
2025-01-22,Despesa,Administrativa,Serviços Terceirizados,Suporte técnico,Fornecedor Beta,TI,1040.07,2025-03-08,2025-03-03,Pago,Conta Investimento
2025-01-22,Despesa,Administrativa,Material de Escritório,Material de escritório,Fornecedor Atlas,RH,2679.73,2025-01-27,2025-01-25,Pago,Conta Corrente
2025-01-23,Despesa,Pessoal,Salários,Folha de pagamento,Fornecedor Atlas,Comercial,16706.85,2025-02-07,2025-02-07,Pago,Conta Digital
2025-01-23,Despesa,Pessoal,Benefícios,Plano de benefícios,Fornecedor Digital,Comercial,1903.09,2025-02-07,2025-02-07,Pago,Conta Corrente
2025-01-25,Receita,Outras Receitas,Recuperação de Créditos,Recuperação de valores,Cliente Beta,Comercial,8187.34,2025-02-09,2025-02-09,Recebido,Conta Digital
2025-01-26,Receita,Serviços,Projetos,Projeto de implantação,Cliente Gama,Consultoria,4103.52,2025-01-31,2025-01-28,Recebido,Conta Digital
2025-01-27,Despesa,Administrativa,Serviços Terceirizados,Serviços contábeis,Fornecedor Central,RH,841.82,2025-02-16,,Cancelado,Conta Digital
2025-01-28,Despesa,Pessoal,Benefícios,Vale transporte,Fornecedor Central,TI,637.16,2025-02-07,,Atrasado,Conta Corrente
2025-01-28,Receita,Serviços,Projetos,Projeto de implantação,Cliente Ômega,Projetos,3711.94,2025-02-27,2025-02-27,Recebido,Conta Digital
2025-01-28,Receita,Serviços,Projetos,Projeto de melhoria de processos,Cliente Gama,Projetos,29618.85,2025-02-27,,Em aberto,Conta Digital
2025-01-29,Despesa,Operacional,Internet,Internet empresarial,Fornecedor Digital,Operacional,2806.75,2025-02-18,2025-02-17,Pago,Conta Digital
2025-01-29,Despesa,Pessoal,Benefícios,Plano de benefícios,Fornecedor Prime,TI,903.47,2025-02-08,2025-02-06,Pago,Conta Investimento
2025-02-02,Receita,Outras Receitas,Recuperação de Créditos,Recuperação de valores,Cliente Beta,Projetos,7132.26,2025-02-12,2025-02-07,Recebido,Conta Digital
2025-02-02,Despesa,Comercial,Marketing,Material institucional,Fornecedor Atlas,Comercial,229.0,2025-02-22,,Cancelado,Conta Investimento
2025-02-02,Despesa,Operacional,Software,Licença de software,Fornecedor Central,RH,153.19,2025-03-04,,Em aberto,Conta Digital
2025-02-03,Despesa,Operacional,Software,Sistemas corporativos,Fornecedor Atlas,Operacional,350.07,2025-02-18,2025-02-15,Pago,Conta Digital
2025-02-04,Receita,Serviços,Consultoria,Consultoria empresarial,Cliente Alpha,Consultoria,6025.35,2025-02-19,,Atrasado,Conta Corrente
2025-02-04,Receita,Outras Receitas,Recuperação de Créditos,Recuperação de valores,Cliente Gama,Consultoria,3933.9,2025-02-09,2025-02-04,Recebido,Conta Investimento
2025-02-04,Despesa,Operacional,Energia,Conta de energia,Fornecedor Atlas,TI,955.74,2025-02-19,,Em aberto,Conta Corrente
2025-02-04,Receita,Outras Receitas,Recuperação de Créditos,Recuperação de valores,Cliente Ômega,Projetos,8656.52,2025-03-06,,Em aberto,Conta Investimento
2025-02-04,Receita,Serviços,Assessoria,Assessoria mensal,Cliente Delta,Comercial,7879.96,2025-02-14,2025-02-14,Recebido,Conta Investimento
2025-02-05,Despesa,Operacional,Internet,Internet empresarial,Fornecedor Beta,Operacional,3778.56,2025-02-25,2025-02-22,Pago,Conta Corrente
2025-02-05,Receita,Serviços,Projetos,Projeto de melhoria de processos,Cliente Gama,Comercial,4771.18,2025-02-15,2025-02-14,Recebido,Conta Corrente
2025-02-05,Despesa,Administrativa,Material de Escritório,Material de escritório,Fornecedor Central,Financeiro,1645.99,2025-03-07,2025-03-04,Pago,Conta Digital
2025-02-06,Receita,Serviços,Projetos,Projeto de melhoria de processos,Cliente Ômega,Consultoria,3646.6,2025-02-21,2025-02-20,Recebido,Conta Corrente
2025-02-06,Despesa,Operacional,Energia,Conta de energia,Fornecedor Prime,Administrativo,1388.66,2025-02-26,,Em aberto,Conta Digital
2025-02-06,Despesa,Financeira,Tarifas Bancárias,Tarifa bancária,Fornecedor Digital,Comercial,2136.07,2025-03-08,,Atrasado,Conta Digital
2025-02-07,Receita,Serviços,Projetos,Projeto de implantação,Cliente Delta,Projetos,18481.47,2025-04-08,,Em aberto,Conta Digital
2025-02-08,Despesa,Operacional,Energia,Conta de energia,Fornecedor Prime,Comercial,809.32,2025-02-23,,Em aberto,Conta Investimento
2025-02-08,Receita,Serviços,Projetos,Projeto de melhoria de processos,Cliente Alpha,Consultoria,6832.42,2025-02-13,2025-02-12,Recebido,Conta Digital
2025-02-08,Despesa,Pessoal,Benefícios,Vale transporte,Fornecedor Digital,Administrativo,768.99,2025-03-25,2025-03-25,Pago,Conta Investimento
2025-02-08,Receita,Serviços,Consultoria,Consultoria estratégica,Cliente Alpha,Consultoria,10240.0,2025-03-25,2025-03-20,Recebido,Conta Digital
2025-02-08,Receita,Serviços,Projetos,Projeto de melhoria de processos,Cliente Alpha,Projetos,10411.1,2025-02-28,2025-02-26,Recebido,Conta Corrente
2025-02-08,Receita,Serviços,Assessoria,Assessoria financeira,Cliente Delta,Comercial,8219.16,2025-03-10,2025-03-10,Recebido,Conta Corrente
2025-02-10,Despesa,Operacional,Energia,Conta de energia,Fornecedor Prime,Administrativo,665.14,2025-02-25,2025-02-25,Pago,Conta Corrente
2025-02-10,Despesa,Impostos,Tributos,Tributos sobre faturamento,Fornecedor Central,TI,4897.5,2025-03-02,,Cancelado,Conta Corrente
2025-02-10,Despesa,Operacional,Energia,Conta de energia,Fornecedor Atlas,TI,2445.53,2025-02-20,2025-02-20,Pago,Conta Investimento
2025-02-11,Despesa,Administrativa,Serviços Terceirizados,Serviços contábeis,Fornecedor Digital,Financeiro,1911.6,2025-03-13,2025-03-13,Pago,Conta Corrente
2025-02-11,Despesa,Administrativa,Serviços Terceirizados,Serviços jurídicos,Fornecedor Beta,RH,1076.51,2025-03-13,,Em aberto,Conta Corrente
2025-02-12,Despesa,Operacional,Software,Licença de software,Fornecedor Digital,Comercial,700.41,2025-03-04,2025-03-03,Pago,Conta Corrente
2025-02-13,Despesa,Administrativa,Serviços Terceirizados,Serviços jurídicos,Fornecedor Digital,Financeiro,1096.85,2025-03-15,2025-03-12,Pago,Conta Corrente
2025-02-13,Despesa,Comercial,Marketing,Publicidade digital,Fornecedor Central,TI,618.6,2025-02-18,2025-02-13,Pago,Conta Corrente
2025-02-13,Despesa,Administrativa,Material de Escritório,Material de escritório,Fornecedor Digital,TI,2802.34,2025-03-15,2025-03-15,Pago,Conta Digital
2025-02-13,Despesa,Operacional,Internet,Internet empresarial,Fornecedor Atlas,Operacional,554.7,2025-02-23,2025-02-18,Pago,Conta Digital
2025-02-14,Receita,Outras Receitas,Recuperação de Créditos,Recuperação de valores,Cliente Delta,Projetos,7673.17,2025-03-01,2025-03-01,Recebido,Conta Digital
2025-02-15,Despesa,Administrativa,Serviços Terceirizados,Suporte técnico,Fornecedor Digital,Comercial,1014.32,2025-02-20,2025-02-19,Pago,Conta Investimento
2025-02-15,Despesa,Comercial,Marketing,Material institucional,Fornecedor Atlas,Financeiro,668.76,2025-03-17,2025-03-16,Pago,Conta Digital
2025-02-16,Despesa,Operacional,Energia,Conta de energia,Fornecedor Central,Financeiro,1645.07,2025-03-03,2025-03-01,Pago,Conta Investimento
2025-02-16,Despesa,Comercial,Marketing,Publicidade digital,Fornecedor Atlas,TI,1007.01,2025-03-03,2025-03-01,Pago,Conta Digital
2025-02-16,Despesa,Operacional,Energia,Conta de energia,Fornecedor Prime,TI,570.56,2025-04-02,2025-03-30,Pago,Conta Digital
2025-02-17,Receita,Serviços,Projetos,Projeto de análise,Cliente Ômega,Projetos,7025.27,2025-04-03,2025-04-01,Recebido,Conta Corrente
2025-02-17,Despesa,Pessoal,Salários,Folha de pagamento,Fornecedor Digital,Comercial,20171.2,2025-03-04,,Em aberto,Conta Investimento
2025-02-18,Despesa,Pessoal,Salários,Folha de pagamento,Fornecedor Prime,Administrativo,11212.03,2025-03-05,2025-03-03,Pago,Conta Digital
2025-02-18,Despesa,Financeira,Tarifas Bancárias,Tarifa bancária,Fornecedor Central,Comercial,187.85,2025-03-20,2025-03-19,Pago,Conta Digital
2025-02-19,Despesa,Administrativa,Serviços Terceirizados,Suporte técnico,Fornecedor Atlas,Financeiro,1934.38,2025-02-24,,Atrasado,Conta Corrente
2025-02-20,Despesa,Operacional,Internet,Internet empresarial,Fornecedor Atlas,TI,939.37,2025-03-12,2025-03-12,Pago,Conta Corrente
2025-02-20,Despesa,Operacional,Internet,Internet empresarial,Fornecedor Beta,TI,2207.37,2025-03-22,,Em aberto,Conta Digital
2025-02-20,Receita,Outras Receitas,Recuperação de Créditos,Recuperação de valores,Cliente Gama,Projetos,1249.2,2025-03-07,2025-03-04,Recebido,Conta Digital
2025-02-20,Despesa,Operacional,Energia,Conta de energia,Fornecedor Prime,Comercial,3515.63,2025-03-22,,Em aberto,Conta Investimento
2025-02-21,Despesa,Comercial,Marketing,Material institucional,Fornecedor Digital,Financeiro,724.25,2025-04-22,2025-04-22,Pago,Conta Digital
2025-02-21,Despesa,Pessoal,Salários,Folha de pagamento,Fornecedor Prime,Operacional,24382.42,2025-03-23,2025-03-23,Pago,Conta Investimento
2025-02-21,Despesa,Operacional,Internet,Internet empresarial,Fornecedor Digital,Operacional,1620.36,2025-03-23,2025-03-22,Pago,Conta Investimento
2025-02-22,Receita,Serviços,Projetos,Projeto de implantação,Cliente Ômega,Projetos,9966.14,2025-03-24,2025-03-19,Recebido,Conta Investimento
2025-02-22,Receita,Outras Receitas,Recuperação de Créditos,Recuperação de valores,Cliente Beta,Consultoria,8776.79,2025-03-14,,Em aberto,Conta Corrente
2025-02-22,Receita,Outras Receitas,Recuperação de Créditos,Recuperação de valores,Cliente Gama,Consultoria,3991.1,2025-04-08,,Cancelado,Conta Corrente
2025-02-22,Despesa,Financeira,Juros,Juros e encargos,Fornecedor Atlas,TI,526.43,2025-03-04,2025-02-27,Pago,Conta Digital
2025-02-22,Despesa,Operacional,Internet,Internet empresarial,Fornecedor Beta,Operacional,687.85,2025-03-24,2025-03-19,Pago,Conta Corrente
2025-02-22,Receita,Outras Receitas,Recuperação de Créditos,Recuperação de valores,Cliente Ômega,Comercial,6238.03,2025-03-04,,Em aberto,Conta Investimento
2025-02-23,Receita,Outras Receitas,Recuperação de Créditos,Recuperação de valores,Cliente Gama,Projetos,2374.95,2025-03-25,,Em aberto,Conta Digital
2025-02-23,Despesa,Operacional,Software,Licença de software,Fornecedor Prime,Financeiro,1027.81,2025-03-15,2025-03-13,Pago,Conta Digital
2025-02-23,Receita,Serviços,Consultoria,Consultoria financeira,Cliente Gama,Comercial,4195.63,2025-03-10,,Em aberto,Conta Investimento
2025-02-23,Despesa,Financeira,Juros,Juros e encargos,Fornecedor Prime,Operacional,1205.29,2025-03-10,,Em aberto,Conta Investimento
2025-02-23,Despesa,Pessoal,Salários,Folha de pagamento,Fornecedor Beta,TI,16533.84,2025-02-28,2025-02-27,Pago,Conta Corrente
2025-02-23,Despesa,Administrativa,Serviços Terceirizados,Serviços jurídicos,Fornecedor Atlas,Administrativo,548.34,2025-03-25,2025-03-22,Pago,Conta Digital
2025-02-23,Despesa,Administrativa,Serviços Terceirizados,Serviços contábeis,Fornecedor Beta,Administrativo,507.68,2025-04-09,,Em aberto,Conta Investimento
2025-02-24,Receita,Outras Receitas,Recuperação de Créditos,Recuperação de valores,Cliente Ômega,Comercial,5324.91,2025-04-25,2025-04-22,Recebido,Conta Corrente
2025-02-26,Despesa,Operacional,Internet,Internet empresarial,Fornecedor Digital,Operacional,2612.34,2025-03-18,2025-03-18,Pago,Conta Investimento
2025-02-27,Receita,Serviços,Assessoria,Assessoria financeira,Cliente Alpha,Consultoria,3207.44,2025-03-19,,Cancelado,Conta Digital
2025-02-27,Despesa,Pessoal,Salários,Folha de pagamento,Fornecedor Central,RH,22474.98,2025-04-13,2025-04-12,Pago,Conta Investimento
2025-02-27,Despesa,Administrativa,Serviços Terceirizados,Serviços contábeis,Fornecedor Atlas,Comercial,666.25,2025-03-14,2025-03-14,Pago,Conta Corrente
2025-02-27,Despesa,Operacional,Internet,Internet empresarial,Fornecedor Beta,Administrativo,3255.39,2025-04-13,2025-04-11,Pago,Conta Digital
2025-02-27,Despesa,Operacional,Software,Ferramenta de produtividade,Fornecedor Beta,Comercial,663.11,2025-03-04,,Em aberto,Conta Digital
2025-02-27,Despesa,Impostos,Tributos,Tributos sobre faturamento,Fornecedor Central,TI,6572.05,2025-03-19,2025-03-19,Pago,Conta Corrente
2025-02-28,Receita,Serviços,Consultoria,Consultoria financeira,Cliente Ômega,Projetos,26210.21,2025-03-10,2025-03-05,Recebido,Conta Digital
2025-03-01,Receita,Outras Receitas,Recuperação de Créditos,Recuperação de valores,Cliente Delta,Projetos,9272.04,2025-03-21,2025-03-16,Recebido,Conta Corrente
2025-03-01,Receita,Serviços,Consultoria,Consultoria financeira,Cliente Alpha,Consultoria,5819.15,2025-03-16,2025-03-14,Recebido,Conta Corrente
2025-03-03,Despesa,Administrativa,Material de Escritório,Material de escritório,Fornecedor Atlas,RH,1357.07,2025-03-18,2025-03-15,Pago,Conta Digital
2025-03-03,Receita,Outras Receitas,Recuperação de Créditos,Recuperação de valores,Cliente Gama,Projetos,12828.06,2025-03-23,2025-03-21,Recebido,Conta Corrente
2025-03-03,Despesa,Financeira,Tarifas Bancárias,Tarifa bancária,Fornecedor Prime,RH,244.45,2025-03-23,,Em aberto,Conta Digital
2025-03-04,Despesa,Comercial,Marketing,Material institucional,Fornecedor Beta,Financeiro,1176.64,2025-03-09,,Em aberto,Conta Investimento
2025-03-04,Receita,Outras Receitas,Recuperação de Créditos,Recuperação de valores,Cliente Beta,Comercial,4358.81,2025-04-03,2025-04-03,Recebido,Conta Corrente
2025-03-04,Despesa,Financeira,Juros,Juros e encargos,Fornecedor Prime,RH,513.3,2025-03-24,2025-03-21,Pago,Conta Corrente
2025-03-04,Despesa,Operacional,Energia,Conta de energia,Fornecedor Digital,TI,455.12,2025-03-19,,Atrasado,Conta Digital
2025-03-06,Receita,Outras Receitas,Recuperação de Créditos,Recuperação de valores,Cliente Ômega,Comercial,3116.26,2025-03-26,2025-03-26,Recebido,Conta Corrente
2025-03-06,Despesa,Impostos,Tributos,Impostos e contribuições,Fornecedor Prime,Financeiro,3153.32,2025-03-26,2025-03-23,Pago,Conta Corrente
2025-03-06,Despesa,Operacional,Software,Ferramenta de produtividade,Fornecedor Prime,Comercial,648.02,2025-04-20,,Em aberto,Conta Investimento
2025-03-07,Despesa,Operacional,Software,Sistemas corporativos,Fornecedor Prime,RH,1689.22,2025-03-17,,Em aberto,Conta Corrente
2025-03-07,Despesa,Administrativa,Material de Escritório,Material de escritório,Fornecedor Prime,Financeiro,3304.18,2025-03-22,2025-03-22,Pago,Conta Investimento
2025-03-09,Receita,Serviços,Projetos,Projeto de implantação,Cliente Beta,Comercial,20336.28,2025-03-19,2025-03-17,Recebido,Conta Digital
2025-03-10,Despesa,Pessoal,Benefícios,Vale transporte,Fornecedor Digital,Administrativo,1878.49,2025-04-09,,Atrasado,Conta Corrente
2025-03-10,Despesa,Operacional,Energia,Conta de energia,Fornecedor Atlas,Comercial,961.3,2025-04-09,,Atrasado,Conta Investimento
2025-03-10,Receita,Serviços,Consultoria,Consultoria estratégica,Cliente Ômega,Projetos,15797.59,2025-03-20,2025-03-17,Recebido,Conta Digital
2025-03-11,Despesa,Comercial,Marketing,Material institucional,Fornecedor Digital,RH,703.24,2025-04-10,2025-04-05,Pago,Conta Corrente
2025-03-13,Despesa,Operacional,Energia,Conta de energia,Fornecedor Digital,Administrativo,743.76,2025-04-12,2025-04-09,Pago,Conta Corrente
2025-03-13,Despesa,Impostos,Tributos,Impostos e contribuições,Fornecedor Digital,Operacional,8445.19,2025-03-28,,Em aberto,Conta Corrente
2025-03-15,Receita,Serviços,Consultoria,Consultoria estratégica,Cliente Delta,Projetos,7097.71,2025-03-30,2025-03-29,Recebido,Conta Investimento
2025-03-16,Despesa,Comercial,Marketing,Publicidade digital,Fornecedor Beta,Comercial,2026.62,2025-03-31,,Em aberto,Conta Digital
2025-03-16,Despesa,Impostos,Tributos,Tributos sobre faturamento,Fornecedor Digital,Financeiro,7425.47,2025-04-30,2025-04-29,Pago,Conta Digital
2025-03-16,Receita,Serviços,Assessoria,Assessoria financeira,Cliente Beta,Projetos,9554.1,2025-03-21,2025-03-19,Recebido,Conta Investimento
2025-03-17,Despesa,Operacional,Software,Licença de software,Fornecedor Prime,RH,599.36,2025-04-06,,Em aberto,Conta Digital
2025-03-17,Despesa,Financeira,Tarifas Bancárias,Tarifa bancária,Fornecedor Digital,Administrativo,521.39,2025-04-06,2025-04-01,Pago,Conta Investimento
2025-03-17,Receita,Serviços,Projetos,Projeto de análise,Cliente Gama,Projetos,3196.07,2025-03-27,2025-03-25,Recebido,Conta Digital
2025-03-19,Despesa,Financeira,Juros,Juros e encargos,Fornecedor Atlas,Administrativo,1389.15,2025-04-18,,Atrasado,Conta Investimento
2025-03-21,Despesa,Pessoal,Salários,Folha de pagamento,Fornecedor Prime,Financeiro,19395.53,2025-05-05,2025-04-30,Pago,Conta Corrente
2025-03-22,Despesa,Operacional,Software,Licença de software,Fornecedor Prime,RH,1111.57,2025-05-21,,Em aberto,Conta Investimento
2025-03-22,Despesa,Administrativa,Serviços Terceirizados,Serviços contábeis,Fornecedor Prime,Financeiro,198.17,2025-04-21,2025-04-16,Pago,Conta Corrente
2025-03-22,Receita,Serviços,Projetos,Projeto de melhoria de processos,Cliente Delta,Consultoria,3855.94,2025-04-06,,Em aberto,Conta Investimento
2025-03-23,Receita,Outras Receitas,Recuperação de Créditos,Recuperação de valores,Cliente Alpha,Comercial,6562.91,2025-04-07,,Em aberto,Conta Digital
2025-03-24,Despesa,Comercial,Marketing,Material institucional,Fornecedor Central,Administrativo,658.5,2025-04-23,2025-04-22,Pago,Conta Digital
2025-03-25,Despesa,Pessoal,Benefícios,Plano de benefícios,Fornecedor Digital,RH,973.62,2025-04-14,2025-04-11,Pago,Conta Corrente
2025-03-26,Receita,Outras Receitas,Recuperação de Créditos,Recuperação de valores,Cliente Gama,Projetos,8627.75,2025-04-10,2025-04-07,Recebido,Conta Corrente
2025-03-27,Despesa,Pessoal,Benefícios,Vale alimentação,Fornecedor Central,RH,1104.0,2025-04-26,2025-04-21,Pago,Conta Corrente
2025-03-27,Despesa,Financeira,Juros,Juros e encargos,Fornecedor Digital,Comercial,432.21,2025-04-06,2025-04-04,Pago,Conta Digital
2025-03-29,Despesa,Pessoal,Benefícios,Plano de benefícios,Fornecedor Atlas,Operacional,1262.84,2025-04-28,2025-04-28,Pago,Conta Digital
2025-03-30,Despesa,Administrativa,Serviços Terceirizados,Serviços contábeis,Fornecedor Central,Operacional,482.92,2025-04-14,2025-04-14,Pago,Conta Corrente
2025-03-30,Receita,Serviços,Projetos,Projeto de análise,Cliente Beta,Projetos,5657.97,2025-04-19,,Em aberto,Conta Investimento
2025-03-31,Despesa,Financeira,Tarifas Bancárias,Tarifa bancária,Fornecedor Central,Financeiro,1289.91,2025-04-30,2025-04-27,Pago,Conta Digital
2025-03-31,Despesa,Financeira,Tarifas Bancárias,Tarifa bancária,Fornecedor Beta,TI,1339.52,2025-04-30,2025-04-30,Pago,Conta Digital
2025-03-31,Receita,Serviços,Assessoria,Assessoria mensal,Cliente Beta,Consultoria,2167.67,2025-04-30,2025-04-28,Recebido,Conta Digital
2025-04-01,Receita,Serviços,Projetos,Projeto de implantação,Cliente Gama,Consultoria,7483.09,2025-05-01,2025-04-26,Recebido,Conta Investimento
2025-04-02,Despesa,Pessoal,Benefícios,Plano de benefícios,Fornecedor Beta,RH,93.2,2025-04-12,,Cancelado,Conta Investimento
2025-04-02,Despesa,Impostos,Tributos,Tributos sobre faturamento,Fornecedor Prime,Comercial,2865.21,2025-05-02,,Em aberto,Conta Digital
2025-04-02,Despesa,Operacional,Energia,Conta de energia,Fornecedor Beta,RH,360.24,2025-04-12,2025-04-10,Pago,Conta Corrente
2025-04-03,Despesa,Operacional,Software,Sistemas corporativos,Fornecedor Atlas,RH,1030.42,2025-05-03,,Atrasado,Conta Corrente
2025-04-04,Despesa,Operacional,Aluguel,Aluguel do escritório,Fornecedor Beta,Comercial,7619.89,2025-04-14,,Atrasado,Conta Investimento
2025-04-05,Despesa,Administrativa,Serviços Terceirizados,Serviços jurídicos,Fornecedor Beta,RH,748.85,2025-04-10,2025-04-05,Pago,Conta Investimento
2025-04-05,Despesa,Operacional,Aluguel,Aluguel do escritório,Fornecedor Beta,Comercial,8098.39,2025-05-20,,Em aberto,Conta Investimento
2025-04-05,Receita,Serviços,Assessoria,Assessoria mensal,Cliente Beta,Consultoria,11047.53,2025-04-10,2025-04-05,Recebido,Conta Digital
2025-04-06,Receita,Serviços,Assessoria,Assessoria financeira,Cliente Gama,Projetos,8059.53,2025-04-21,,Em aberto,Conta Corrente
2025-04-06,Receita,Serviços,Consultoria,Consultoria empresarial,Cliente Gama,Projetos,5894.94,2025-04-21,2025-04-19,Recebido,Conta Investimento
2025-04-06,Despesa,Operacional,Software,Ferramenta de produtividade,Fornecedor Atlas,RH,736.77,2025-05-06,,Atrasado,Conta Investimento
2025-04-06,Despesa,Impostos,Tributos,Tributos sobre faturamento,Fornecedor Central,TI,2627.11,2025-04-21,2025-04-16,Pago,Conta Digital
2025-04-06,Despesa,Administrativa,Serviços Terceirizados,Serviços contábeis,Fornecedor Atlas,TI,971.06,2025-05-06,2025-05-04,Pago,Conta Corrente
2025-04-07,Receita,Serviços,Projetos,Projeto de análise,Cliente Ômega,Comercial,6731.85,2025-04-27,,Cancelado,Conta Investimento
2025-04-07,Despesa,Comercial,Marketing,Material institucional,Fornecedor Central,Operacional,336.56,2025-04-22,2025-04-22,Pago,Conta Digital
2025-04-08,Despesa,Administrativa,Material de Escritório,Material de escritório,Fornecedor Atlas,Financeiro,362.36,2025-05-08,2025-05-03,Pago,Conta Investimento
2025-04-08,Despesa,Pessoal,Salários,Folha de pagamento,Fornecedor Digital,Comercial,21096.13,2025-05-08,2025-05-06,Pago,Conta Investimento
2025-04-08,Receita,Outras Receitas,Recuperação de Créditos,Recuperação de valores,Cliente Gama,Consultoria,4954.25,2025-04-13,2025-04-13,Recebido,Conta Corrente
2025-04-09,Despesa,Pessoal,Salários,Folha de pagamento,Fornecedor Beta,Operacional,10405.71,2025-04-29,2025-04-29,Pago,Conta Digital
2025-04-09,Receita,Serviços,Projetos,Projeto de análise,Cliente Gama,Consultoria,11345.4,2025-05-24,2025-05-23,Recebido,Conta Investimento
2025-04-09,Despesa,Pessoal,Benefícios,Plano de benefícios,Fornecedor Beta,RH,512.07,2025-04-19,2025-04-18,Pago,Conta Digital
2025-04-09,Despesa,Operacional,Energia,Conta de energia,Fornecedor Prime,Comercial,238.28,2025-05-24,2025-05-23,Pago,Conta Corrente
2025-04-09,Despesa,Administrativa,Serviços Terceirizados,Suporte técnico,Fornecedor Beta,TI,2633.56,2025-04-29,2025-04-24,Pago,Conta Investimento
2025-04-09,Despesa,Pessoal,Benefícios,Vale transporte,Fornecedor Digital,Comercial,1613.82,2025-04-24,,Cancelado,Conta Digital
2025-04-09,Despesa,Administrativa,Material de Escritório,Material de escritório,Fornecedor Atlas,RH,1587.06,2025-05-09,,Em aberto,Conta Corrente
2025-04-09,Despesa,Operacional,Internet,Internet empresarial,Fornecedor Prime,Comercial,616.66,2025-04-19,,Em aberto,Conta Corrente
2025-04-09,Despesa,Operacional,Aluguel,Aluguel do escritório,Fornecedor Beta,Operacional,3787.7,2025-04-29,2025-04-29,Pago,Conta Digital
2025-04-10,Receita,Serviços,Consultoria,Consultoria empresarial,Cliente Beta,Projetos,11441.65,2025-04-30,,Em aberto,Conta Investimento
2025-04-10,Despesa,Pessoal,Benefícios,Plano de benefícios,Fornecedor Beta,TI,947.0,2025-04-25,2025-04-20,Pago,Conta Corrente
2025-04-10,Despesa,Operacional,Software,Licença de software,Fornecedor Atlas,RH,2564.42,2025-04-20,2025-04-20,Pago,Conta Corrente
2025-04-10,Receita,Outras Receitas,Recuperação de Créditos,Recuperação de valores,Cliente Alpha,Comercial,7390.68,2025-05-10,2025-05-05,Recebido,Conta Corrente
2025-04-11,Despesa,Comercial,Marketing,Material institucional,Fornecedor Prime,TI,599.67,2025-05-26,2025-05-21,Pago,Conta Digital
2025-04-11,Despesa,Administrativa,Serviços Terceirizados,Suporte técnico,Fornecedor Atlas,RH,1125.59,2025-04-26,2025-04-26,Pago,Conta Digital
2025-04-11,Despesa,Pessoal,Benefícios,Vale transporte,Fornecedor Central,Financeiro,1078.12,2025-04-26,2025-04-25,Pago,Conta Corrente
2025-04-11,Despesa,Financeira,Juros,Juros e encargos,Fornecedor Atlas,Operacional,1858.09,2025-04-26,,Atrasado,Conta Digital
2025-04-13,Despesa,Pessoal,Salários,Folha de pagamento,Fornecedor Central,RH,22535.65,2025-05-03,2025-04-30,Pago,Conta Digital
2025-04-13,Despesa,Operacional,Internet,Internet empresarial,Fornecedor Prime,Financeiro,556.19,2025-04-28,2025-04-25,Pago,Conta Digital
2025-04-13,Despesa,Pessoal,Benefícios,Vale transporte,Fornecedor Prime,Comercial,834.86,2025-05-28,2025-05-28,Pago,Conta Digital
2025-04-13,Despesa,Impostos,Tributos,Impostos e contribuições,Fornecedor Atlas,Financeiro,5888.05,2025-05-28,,Em aberto,Conta Digital
2025-04-14,Despesa,Financeira,Juros,Juros e encargos,Fornecedor Beta,Financeiro,175.21,2025-04-29,2025-04-28,Pago,Conta Investimento
2025-04-14,Receita,Serviços,Projetos,Projeto de implantação,Cliente Beta,Consultoria,2999.72,2025-04-29,2025-04-26,Recebido,Conta Corrente
2025-04-15,Receita,Serviços,Projetos,Projeto de análise,Cliente Delta,Projetos,8590.01,2025-05-15,2025-05-12,Recebido,Conta Investimento
2025-04-15,Despesa,Operacional,Software,Licença de software,Fornecedor Beta,RH,379.5,2025-04-30,2025-04-30,Pago,Conta Corrente
2025-04-16,Receita,Outras Receitas,Recuperação de Créditos,Recuperação de valores,Cliente Alpha,Projetos,4448.73,2025-06-15,,Em aberto,Conta Investimento
2025-04-16,Despesa,Pessoal,Benefícios,Vale transporte,Fornecedor Central,Financeiro,678.74,2025-05-01,2025-05-01,Pago,Conta Investimento
2025-04-17,Despesa,Impostos,Tributos,Impostos e contribuições,Fornecedor Atlas,Administrativo,5870.75,2025-05-17,,Em aberto,Conta Digital
2025-04-18,Despesa,Operacional,Software,Sistemas corporativos,Fornecedor Central,Financeiro,1029.67,2025-05-08,2025-05-03,Pago,Conta Digital
2025-04-18,Despesa,Administrativa,Material de Escritório,Material de escritório,Fornecedor Beta,Financeiro,1595.73,2025-05-18,2025-05-16,Pago,Conta Investimento
2025-04-19,Despesa,Financeira,Tarifas Bancárias,Tarifa bancária,Fornecedor Central,TI,2771.04,2025-05-19,2025-05-17,Pago,Conta Investimento
2025-04-22,Despesa,Administrativa,Serviços Terceirizados,Serviços jurídicos,Fornecedor Prime,Financeiro,383.91,2025-05-12,,Atrasado,Conta Investimento
2025-04-22,Despesa,Operacional,Internet,Internet empresarial,Fornecedor Atlas,Operacional,1585.44,2025-05-12,,Em aberto,Conta Corrente
2025-04-22,Despesa,Administrativa,Material de Escritório,Material de escritório,Fornecedor Beta,Administrativo,1312.4,2025-05-07,2025-05-05,Pago,Conta Digital
2025-04-23,Despesa,Financeira,Tarifas Bancárias,Tarifa bancária,Fornecedor Atlas,RH,1456.76,2025-05-08,2025-05-06,Pago,Conta Investimento
2025-04-23,Despesa,Financeira,Juros,Juros e encargos,Fornecedor Digital,Financeiro,1541.26,2025-05-23,,Atrasado,Conta Digital
2025-04-23,Receita,Serviços,Assessoria,Assessoria financeira,Cliente Alpha,Projetos,9099.37,2025-05-03,2025-04-30,Recebido,Conta Corrente
2025-04-23,Despesa,Operacional,Internet,Internet empresarial,Fornecedor Beta,TI,519.27,2025-05-13,2025-05-11,Pago,Conta Digital
2025-04-23,Despesa,Pessoal,Salários,Folha de pagamento,Fornecedor Atlas,RH,19375.8,2025-04-28,2025-04-28,Pago,Conta Corrente
2025-04-24,Despesa,Administrativa,Serviços Terceirizados,Serviços contábeis,Fornecedor Prime,TI,345.71,2025-05-14,2025-05-14,Pago,Conta Digital
2025-04-24,Despesa,Impostos,Tributos,Impostos e contribuições,Fornecedor Digital,Comercial,4150.67,2025-06-08,2025-06-06,Pago,Conta Investimento
2025-04-25,Despesa,Administrativa,Serviços Terceirizados,Serviços contábeis,Fornecedor Beta,Financeiro,431.66,2025-05-25,,Em aberto,Conta Corrente
2025-04-26,Despesa,Financeira,Tarifas Bancárias,Tarifa bancária,Fornecedor Prime,Financeiro,576.88,2025-05-11,2025-05-08,Pago,Conta Investimento
2025-04-26,Despesa,Operacional,Energia,Conta de energia,Fornecedor Prime,Operacional,1554.07,2025-05-16,2025-05-16,Pago,Conta Digital
2025-04-26,Receita,Serviços,Assessoria,Assessoria mensal,Cliente Gama,Projetos,3691.85,2025-05-16,2025-05-16,Recebido,Conta Investimento
2025-04-27,Despesa,Financeira,Tarifas Bancárias,Tarifa bancária,Fornecedor Atlas,Administrativo,1591.1,2025-05-27,2025-05-26,Pago,Conta Investimento
2025-04-27,Despesa,Financeira,Juros,Juros e encargos,Fornecedor Digital,Administrativo,805.24,2025-05-27,2025-05-24,Pago,Conta Corrente
2025-04-28,Receita,Serviços,Consultoria,Consultoria financeira,Cliente Delta,Projetos,1956.17,2025-05-18,,Atrasado,Conta Corrente
2025-04-28,Receita,Serviços,Consultoria,Consultoria empresarial,Cliente Delta,Projetos,13210.99,2025-06-12,2025-06-09,Recebido,Conta Corrente
2025-04-29,Despesa,Administrativa,Serviços Terceirizados,Suporte técnico,Fornecedor Atlas,RH,1038.93,2025-06-13,,Atrasado,Conta Investimento
2025-04-30,Receita,Outras Receitas,Recuperação de Créditos,Recuperação de valores,Cliente Beta,Comercial,5433.57,2025-05-20,,Cancelado,Conta Corrente
2025-04-30,Despesa,Administrativa,Material de Escritório,Material de escritório,Fornecedor Beta,Comercial,1335.17,2025-05-05,2025-05-04,Pago,Conta Corrente
2025-05-01,Despesa,Administrativa,Serviços Terceirizados,Suporte técnico,Fornecedor Beta,RH,1282.06,2025-05-11,,Atrasado,Conta Digital
2025-05-02,Despesa,Financeira,Juros,Juros e encargos,Fornecedor Atlas,RH,451.89,2025-05-17,2025-05-17,Pago,Conta Digital
2025-05-02,Despesa,Pessoal,Benefícios,Vale alimentação,Fornecedor Central,TI,925.27,2025-06-01,2025-05-29,Pago,Conta Investimento
2025-05-02,Despesa,Operacional,Internet,Internet empresarial,Fornecedor Central,RH,1744.99,2025-06-01,,Cancelado,Conta Investimento
2025-05-02,Despesa,Operacional,Energia,Conta de energia,Fornecedor Prime,Operacional,992.21,2025-06-16,2025-06-14,Pago,Conta Digital
2025-05-02,Despesa,Pessoal,Benefícios,Vale transporte,Fornecedor Central,Operacional,1784.68,2025-06-16,2025-06-15,Pago,Conta Investimento
2025-05-03,Despesa,Pessoal,Benefícios,Plano de benefícios,Fornecedor Prime,Administrativo,402.72,2025-05-18,2025-05-16,Pago,Conta Investimento
2025-05-04,Despesa,Administrativa,Material de Escritório,Material de escritório,Fornecedor Atlas,TI,561.12,2025-05-24,2025-05-19,Pago,Conta Digital
2025-05-04,Receita,Serviços,Assessoria,Assessoria administrativa,Cliente Gama,Projetos,4761.48,2025-05-19,,Em aberto,Conta Corrente
2025-05-05,Despesa,Impostos,Tributos,Impostos e contribuições,Fornecedor Beta,Comercial,3275.76,2025-06-04,2025-06-02,Pago,Conta Corrente
2025-05-06,Despesa,Pessoal,Benefícios,Vale transporte,Fornecedor Beta,RH,384.03,2025-05-11,,Em aberto,Conta Corrente
2025-05-06,Despesa,Operacional,Energia,Conta de energia,Fornecedor Prime,Financeiro,669.56,2025-05-26,,Em aberto,Conta Corrente
2025-05-06,Despesa,Pessoal,Benefícios,Vale transporte,Fornecedor Beta,Comercial,1610.86,2025-05-26,2025-05-25,Pago,Conta Investimento
2025-05-06,Despesa,Operacional,Internet,Internet empresarial,Fornecedor Beta,Comercial,2485.17,2025-05-26,2025-05-21,Pago,Conta Digital
2025-05-07,Despesa,Pessoal,Benefícios,Plano de benefícios,Fornecedor Atlas,Financeiro,1864.09,2025-07-06,2025-07-01,Pago,Conta Corrente
2025-05-07,Despesa,Administrativa,Serviços Terceirizados,Serviços contábeis,Fornecedor Beta,Administrativo,747.21,2025-06-21,2025-06-19,Pago,Conta Investimento
2025-05-08,Despesa,Administrativa,Material de Escritório,Material de escritório,Fornecedor Central,Financeiro,620.62,2025-05-28,2025-05-25,Pago,Conta Digital
2025-05-08,Despesa,Pessoal,Salários,Folha de pagamento,Fornecedor Atlas,RH,24913.73,2025-05-18,,Em aberto,Conta Digital
2025-05-08,Despesa,Operacional,Aluguel,Aluguel do escritório,Fornecedor Central,TI,4746.74,2025-05-13,2025-05-12,Pago,Conta Digital
2025-05-08,Despesa,Administrativa,Material de Escritório,Material de escritório,Fornecedor Beta,Comercial,601.97,2025-05-18,2025-05-18,Pago,Conta Investimento
2025-05-09,Receita,Serviços,Assessoria,Assessoria mensal,Cliente Delta,Comercial,3905.38,2025-05-14,,Atrasado,Conta Investimento
2025-05-09,Receita,Serviços,Consultoria,Consultoria estratégica,Cliente Gama,Consultoria,5818.87,2025-05-24,,Em aberto,Conta Investimento
2025-05-09,Despesa,Financeira,Tarifas Bancárias,Tarifa bancária,Fornecedor Beta,Financeiro,1388.25,2025-05-14,2025-05-11,Pago,Conta Investimento
2025-05-10,Despesa,Financeira,Tarifas Bancárias,Tarifa bancária,Fornecedor Beta,Comercial,1265.74,2025-05-20,,Atrasado,Conta Digital
2025-05-10,Despesa,Administrativa,Material de Escritório,Material de escritório,Fornecedor Prime,Operacional,2262.59,2025-05-30,,Em aberto,Conta Investimento
2025-05-11,Despesa,Comercial,Marketing,Publicidade digital,Fornecedor Atlas,Administrativo,497.07,2025-06-25,,Em aberto,Conta Digital
2025-05-11,Receita,Serviços,Consultoria,Consultoria empresarial,Cliente Delta,Projetos,4034.33,2025-06-10,2025-06-05,Recebido,Conta Corrente
2025-05-11,Receita,Serviços,Assessoria,Assessoria mensal,Cliente Beta,Consultoria,16521.63,2025-05-26,,Em aberto,Conta Corrente
2025-05-11,Despesa,Financeira,Tarifas Bancárias,Tarifa bancária,Fornecedor Digital,Administrativo,1485.58,2025-06-10,,Em aberto,Conta Corrente
2025-05-12,Despesa,Operacional,Aluguel,Aluguel do escritório,Fornecedor Prime,Operacional,2517.43,2025-07-11,,Atrasado,Conta Digital
2025-05-13,Despesa,Comercial,Marketing,Publicidade digital,Fornecedor Central,TI,2375.52,2025-05-23,,Atrasado,Conta Investimento
2025-05-13,Receita,Serviços,Consultoria,Consultoria financeira,Cliente Ômega,Projetos,14367.75,2025-06-02,2025-05-31,Recebido,Conta Investimento
2025-05-14,Despesa,Comercial,Marketing,Publicidade digital,Fornecedor Digital,Operacional,984.79,2025-06-03,2025-06-02,Pago,Conta Investimento
2025-05-14,Despesa,Financeira,Juros,Juros e encargos,Fornecedor Beta,RH,1296.18,2025-06-13,,Atrasado,Conta Investimento
2025-05-15,Despesa,Financeira,Tarifas Bancárias,Tarifa bancária,Fornecedor Prime,Financeiro,1160.81,2025-05-25,,Em aberto,Conta Digital
2025-05-15,Despesa,Operacional,Software,Ferramenta de produtividade,Fornecedor Beta,Comercial,293.44,2025-06-14,2025-06-12,Pago,Conta Investimento
2025-05-15,Despesa,Operacional,Software,Ferramenta de produtividade,Fornecedor Beta,TI,368.21,2025-06-14,,Em aberto,Conta Corrente
2025-05-16,Despesa,Administrativa,Material de Escritório,Material de escritório,Fornecedor Prime,Comercial,853.45,2025-06-05,,Cancelado,Conta Corrente
2025-05-16,Receita,Serviços,Projetos,Projeto de melhoria de processos,Cliente Gama,Comercial,24758.63,2025-06-05,2025-05-31,Recebido,Conta Digital
2025-05-16,Despesa,Financeira,Juros,Juros e encargos,Fornecedor Prime,Operacional,594.11,2025-06-05,2025-06-02,Pago,Conta Investimento
2025-05-17,Despesa,Financeira,Juros,Juros e encargos,Fornecedor Prime,Comercial,972.64,2025-07-16,,Em aberto,Conta Corrente
2025-05-19,Receita,Outras Receitas,Recuperação de Créditos,Recuperação de valores,Cliente Beta,Projetos,8762.45,2025-06-18,2025-06-16,Recebido,Conta Corrente
2025-05-20,Receita,Outras Receitas,Recuperação de Créditos,Recuperação de valores,Cliente Gama,Projetos,1600.01,2025-05-25,2025-05-20,Recebido,Conta Investimento
2025-05-21,Receita,Serviços,Consultoria,Consultoria empresarial,Cliente Alpha,Comercial,5960.99,2025-06-05,2025-06-02,Recebido,Conta Corrente
2025-05-21,Receita,Serviços,Consultoria,Consultoria estratégica,Cliente Alpha,Consultoria,13046.98,2025-05-31,2025-05-28,Recebido,Conta Corrente
2025-05-22,Despesa,Financeira,Juros,Juros e encargos,Fornecedor Atlas,Financeiro,1951.84,2025-06-21,,Em aberto,Conta Digital
2025-05-23,Receita,Serviços,Assessoria,Assessoria mensal,Cliente Beta,Projetos,3701.64,2025-06-22,,Em aberto,Conta Investimento
2025-05-23,Receita,Serviços,Consultoria,Consultoria empresarial,Cliente Alpha,Comercial,7644.67,2025-07-07,2025-07-07,Recebido,Conta Digital
2025-05-23,Despesa,Impostos,Tributos,Tributos sobre faturamento,Fornecedor Beta,RH,2550.33,2025-05-28,2025-05-28,Pago,Conta Corrente
2025-05-24,Despesa,Financeira,Tarifas Bancárias,Tarifa bancária,Fornecedor Prime,Comercial,2157.16,2025-06-13,2025-06-11,Pago,Conta Digital
2025-05-24,Receita,Serviços,Assessoria,Assessoria administrativa,Cliente Delta,Projetos,8189.34,2025-06-08,,Em aberto,Conta Corrente
2025-05-24,Despesa,Financeira,Tarifas Bancárias,Tarifa bancária,Fornecedor Prime,TI,1221.19,2025-06-23,,Atrasado,Conta Corrente
2025-05-24,Receita,Serviços,Consultoria,Consultoria estratégica,Cliente Gama,Consultoria,5054.04,2025-05-29,,Em aberto,Conta Digital
2025-05-24,Despesa,Comercial,Marketing,Publicidade digital,Fornecedor Prime,RH,280.67,2025-06-13,,Atrasado,Conta Investimento
2025-05-24,Receita,Serviços,Assessoria,Assessoria mensal,Cliente Delta,Consultoria,2891.37,2025-06-08,2025-06-05,Recebido,Conta Digital
2025-05-24,Despesa,Operacional,Energia,Conta de energia,Fornecedor Digital,Administrativo,3465.94,2025-06-23,2025-06-21,Pago,Conta Digital
2025-05-25,Despesa,Operacional,Internet,Internet empresarial,Fornecedor Digital,RH,339.08,2025-07-24,2025-07-24,Pago,Conta Investimento
2025-05-25,Despesa,Administrativa,Material de Escritório,Material de escritório,Fornecedor Atlas,Administrativo,1276.35,2025-06-09,,Em aberto,Conta Investimento
2025-05-25,Despesa,Financeira,Tarifas Bancárias,Tarifa bancária,Fornecedor Beta,RH,189.73,2025-06-04,2025-06-02,Pago,Conta Investimento
2025-05-25,Despesa,Pessoal,Salários,Folha de pagamento,Fornecedor Central,Comercial,8884.67,2025-06-04,,Em aberto,Conta Digital
2025-05-26,Receita,Serviços,Assessoria,Assessoria mensal,Cliente Gama,Projetos,9629.65,2025-06-15,2025-06-10,Recebido,Conta Corrente
2025-05-26,Despesa,Administrativa,Material de Escritório,Material de escritório,Fornecedor Prime,Operacional,919.01,2025-06-15,2025-06-12,Pago,Conta Investimento
2025-05-27,Receita,Serviços,Projetos,Projeto de implantação,Cliente Beta,Consultoria,3821.18,2025-06-01,2025-05-29,Recebido,Conta Investimento
2025-05-27,Receita,Outras Receitas,Recuperação de Créditos,Recuperação de valores,Cliente Alpha,Consultoria,5331.75,2025-06-26,2025-06-21,Recebido,Conta Digital
2025-05-27,Despesa,Pessoal,Salários,Folha de pagamento,Fornecedor Prime,Comercial,14069.72,2025-06-06,,Em aberto,Conta Investimento
2025-05-27,Receita,Outras Receitas,Recuperação de Créditos,Recuperação de valores,Cliente Gama,Projetos,3966.94,2025-06-16,,Cancelado,Conta Digital
2025-05-27,Receita,Serviços,Assessoria,Assessoria mensal,Cliente Alpha,Projetos,4731.74,2025-07-11,2025-07-11,Recebido,Conta Corrente
2025-05-27,Receita,Serviços,Assessoria,Assessoria financeira,Cliente Gama,Projetos,2087.48,2025-06-26,2025-06-24,Recebido,Conta Corrente
2025-05-28,Receita,Serviços,Assessoria,Assessoria financeira,Cliente Delta,Projetos,5980.92,2025-06-27,2025-06-25,Recebido,Conta Investimento
2025-05-28,Receita,Serviços,Assessoria,Assessoria mensal,Cliente Gama,Consultoria,5845.33,2025-06-07,2025-06-06,Recebido,Conta Investimento
2025-05-28,Despesa,Comercial,Marketing,Publicidade digital,Fornecedor Prime,TI,900.06,2025-06-12,,Atrasado,Conta Corrente
2025-05-29,Receita,Outras Receitas,Recuperação de Créditos,Recuperação de valores,Cliente Beta,Projetos,5368.98,2025-06-08,,Em aberto,Conta Corrente
2025-05-30,Despesa,Operacional,Internet,Internet empresarial,Fornecedor Central,Administrativo,401.77,2025-06-04,,Em aberto,Conta Corrente
2025-05-30,Despesa,Administrativa,Serviços Terceirizados,Suporte técnico,Fornecedor Atlas,Comercial,417.8,2025-06-29,2025-06-24,Pago,Conta Corrente
2025-05-31,Despesa,Impostos,Tributos,Impostos e contribuições,Fornecedor Digital,Operacional,6445.71,2025-06-15,2025-06-10,Pago,Conta Digital
2025-05-31,Despesa,Operacional,Software,Sistemas corporativos,Fornecedor Central,RH,949.15,2025-06-15,2025-06-13,Pago,Conta Digital
2025-05-31,Despesa,Financeira,Juros,Juros e encargos,Fornecedor Prime,Comercial,681.76,2025-06-30,2025-06-29,Pago,Conta Digital
2025-05-31,Receita,Serviços,Consultoria,Consultoria estratégica,Cliente Delta,Consultoria,5735.45,2025-06-05,2025-06-02,Recebido,Conta Digital
2025-06-01,Receita,Outras Receitas,Recuperação de Créditos,Recuperação de valores,Cliente Ômega,Projetos,3163.29,2025-06-11,2025-06-10,Recebido,Conta Investimento
2025-06-01,Despesa,Operacional,Internet,Internet empresarial,Fornecedor Beta,TI,1292.63,2025-07-01,,Atrasado,Conta Investimento
2025-06-01,Despesa,Operacional,Internet,Internet empresarial,Fornecedor Prime,Comercial,2040.54,2025-06-11,,Atrasado,Conta Digital
2025-06-01,Despesa,Comercial,Marketing,Publicidade digital,Fornecedor Atlas,Financeiro,686.1,2025-06-21,2025-06-20,Pago,Conta Corrente
2025-06-01,Despesa,Comercial,Marketing,Publicidade digital,Fornecedor Atlas,Comercial,1142.32,2025-06-11,2025-06-08,Pago,Conta Digital
2025-06-02,Despesa,Administrativa,Serviços Terceirizados,Serviços contábeis,Fornecedor Digital,Comercial,1056.47,2025-07-17,,Em aberto,Conta Corrente
2025-06-02,Receita,Serviços,Projetos,Projeto de implantação,Cliente Alpha,Projetos,7268.12,2025-06-22,,Em aberto,Conta Corrente
2025-06-03,Despesa,Financeira,Tarifas Bancárias,Tarifa bancária,Fornecedor Central,Comercial,1919.43,2025-07-03,,Em aberto,Conta Digital
2025-06-03,Despesa,Financeira,Juros,Juros e encargos,Fornecedor Central,Financeiro,1772.36,2025-06-18,,Em aberto,Conta Digital
2025-06-04,Despesa,Operacional,Aluguel,Aluguel do escritório,Fornecedor Beta,Financeiro,7846.34,2025-07-04,2025-07-04,Pago,Conta Corrente
2025-06-05,Receita,Serviços,Projetos,Projeto de implantação,Cliente Alpha,Projetos,5082.86,2025-06-15,2025-06-13,Recebido,Conta Investimento
2025-06-06,Receita,Outras Receitas,Recuperação de Créditos,Recuperação de valores,Cliente Alpha,Consultoria,3445.81,2025-06-16,,Atrasado,Conta Digital
2025-06-07,Despesa,Financeira,Tarifas Bancárias,Tarifa bancária,Fornecedor Central,RH,574.85,2025-06-27,2025-06-26,Pago,Conta Investimento
2025-06-07,Receita,Serviços,Assessoria,Assessoria mensal,Cliente Delta,Projetos,11414.79,2025-06-27,,Em aberto,Conta Digital
2025-06-07,Despesa,Operacional,Software,Licença de software,Fornecedor Atlas,RH,871.78,2025-06-22,2025-06-17,Pago,Conta Digital
2025-06-09,Receita,Serviços,Assessoria,Assessoria financeira,Cliente Alpha,Consultoria,10162.65,2025-08-08,2025-08-03,Recebido,Conta Investimento
2025-06-09,Receita,Serviços,Assessoria,Assessoria mensal,Cliente Ômega,Comercial,7217.87,2025-06-29,,Em aberto,Conta Digital
2025-06-09,Receita,Serviços,Projetos,Projeto de análise,Cliente Alpha,Projetos,8489.05,2025-06-19,,Atrasado,Conta Digital
2025-06-09,Receita,Outras Receitas,Recuperação de Créditos,Recuperação de valores,Cliente Alpha,Projetos,4914.73,2025-07-09,2025-07-08,Recebido,Conta Investimento
2025-06-09,Despesa,Financeira,Juros,Juros e encargos,Fornecedor Digital,Administrativo,181.58,2025-06-24,2025-06-21,Pago,Conta Corrente
2025-06-09,Despesa,Impostos,Tributos,Tributos sobre faturamento,Fornecedor Beta,TI,8217.32,2025-07-09,,Em aberto,Conta Digital
2025-06-10,Receita,Outras Receitas,Recuperação de Créditos,Recuperação de valores,Cliente Ômega,Consultoria,18800.22,2025-08-09,,Em aberto,Conta Investimento
2025-06-10,Receita,Serviços,Consultoria,Consultoria empresarial,Cliente Ômega,Projetos,11980.19,2025-07-10,2025-07-05,Recebido,Conta Investimento
2025-06-10,Despesa,Administrativa,Serviços Terceirizados,Serviços contábeis,Fornecedor Beta,RH,544.89,2025-06-30,2025-06-28,Pago,Conta Investimento
2025-06-10,Despesa,Operacional,Internet,Internet empresarial,Fornecedor Prime,Financeiro,959.17,2025-08-09,2025-08-09,Pago,Conta Investimento
2025-06-11,Despesa,Financeira,Tarifas Bancárias,Tarifa bancária,Fornecedor Beta,Financeiro,951.15,2025-06-26,2025-06-25,Pago,Conta Digital
2025-06-11,Despesa,Pessoal,Benefícios,Vale transporte,Fornecedor Beta,Comercial,590.47,2025-06-21,2025-06-18,Pago,Conta Corrente
2025-06-12,Despesa,Operacional,Software,Licença de software,Fornecedor Prime,TI,2029.15,2025-07-27,,Cancelado,Conta Investimento
2025-06-12,Despesa,Financeira,Juros,Juros e encargos,Fornecedor Digital,Operacional,202.64,2025-06-17,2025-06-17,Pago,Conta Corrente
2025-06-12,Despesa,Impostos,Tributos,Impostos e contribuições,Fornecedor Beta,RH,7952.64,2025-07-27,2025-07-27,Pago,Conta Corrente
2025-06-12,Despesa,Financeira,Tarifas Bancárias,Tarifa bancária,Fornecedor Beta,RH,2406.32,2025-07-02,2025-07-02,Pago,Conta Investimento
2025-06-13,Despesa,Pessoal,Benefícios,Plano de benefícios,Fornecedor Beta,Financeiro,455.54,2025-06-18,2025-06-18,Pago,Conta Corrente
2025-06-13,Receita,Serviços,Assessoria,Assessoria mensal,Cliente Beta,Projetos,6301.55,2025-06-28,,Atrasado,Conta Corrente
2025-06-13,Despesa,Financeira,Juros,Juros e encargos,Fornecedor Beta,Operacional,304.44,2025-07-13,2025-07-08,Pago,Conta Corrente
2025-06-14,Receita,Serviços,Consultoria,Consultoria estratégica,Cliente Delta,Consultoria,2096.16,2025-07-04,2025-07-02,Recebido,Conta Corrente
2025-06-14,Despesa,Operacional,Energia,Conta de energia,Fornecedor Prime,Comercial,408.61,2025-07-14,2025-07-13,Pago,Conta Investimento
2025-06-14,Receita,Serviços,Consultoria,Consultoria financeira,Cliente Delta,Comercial,15160.86,2025-07-04,,Atrasado,Conta Corrente
2025-06-15,Receita,Serviços,Assessoria,Assessoria financeira,Cliente Gama,Consultoria,16242.01,2025-06-25,,Em aberto,Conta Investimento
2025-06-16,Receita,Serviços,Projetos,Projeto de implantação,Cliente Alpha,Projetos,6249.26,2025-06-26,2025-06-23,Recebido,Conta Corrente
2025-06-16,Despesa,Pessoal,Benefícios,Vale transporte,Fornecedor Digital,TI,832.99,2025-08-15,,Cancelado,Conta Investimento
2025-06-17,Despesa,Pessoal,Benefícios,Vale transporte,Fornecedor Prime,Financeiro,2588.97,2025-08-01,2025-07-29,Pago,Conta Corrente
2025-06-17,Receita,Outras Receitas,Recuperação de Créditos,Recuperação de valores,Cliente Beta,Comercial,3266.82,2025-08-01,2025-07-29,Recebido,Conta Digital
2025-06-18,Receita,Serviços,Assessoria,Assessoria administrativa,Cliente Beta,Consultoria,3836.21,2025-07-18,2025-07-16,Recebido,Conta Investimento
2025-06-19,Receita,Serviços,Assessoria,Assessoria administrativa,Cliente Beta,Projetos,12261.35,2025-07-04,,Em aberto,Conta Digital
2025-06-19,Despesa,Pessoal,Salários,Folha de pagamento,Fornecedor Digital,Administrativo,23787.63,2025-08-03,2025-08-01,Pago,Conta Digital
2025-06-19,Despesa,Operacional,Energia,Conta de energia,Fornecedor Atlas,RH,526.86,2025-07-09,,Cancelado,Conta Investimento
2025-06-19,Despesa,Pessoal,Benefícios,Plano de benefícios,Fornecedor Central,Comercial,554.7,2025-06-24,2025-06-19,Pago,Conta Investimento
2025-06-19,Despesa,Operacional,Internet,Internet empresarial,Fornecedor Atlas,TI,156.61,2025-08-03,,Cancelado,Conta Corrente
2025-06-20,Despesa,Operacional,Software,Sistemas corporativos,Fornecedor Prime,Operacional,774.29,2025-07-10,,Em aberto,Conta Corrente
2025-06-21,Receita,Outras Receitas,Recuperação de Créditos,Recuperação de valores,Cliente Beta,Consultoria,5641.41,2025-08-05,,Em aberto,Conta Corrente
2025-06-21,Despesa,Financeira,Juros,Juros e encargos,Fornecedor Digital,Administrativo,770.54,2025-08-05,2025-08-03,Pago,Conta Investimento
2025-06-21,Despesa,Financeira,Juros,Juros e encargos,Fornecedor Prime,TI,591.6,2025-07-11,2025-07-11,Pago,Conta Digital
2025-06-21,Despesa,Operacional,Software,Sistemas corporativos,Fornecedor Atlas,RH,1815.02,2025-07-11,2025-07-06,Pago,Conta Digital
2025-06-22,Despesa,Operacional,Aluguel,Aluguel do escritório,Fornecedor Beta,Operacional,3439.23,2025-07-07,2025-07-05,Pago,Conta Digital
2025-06-22,Despesa,Pessoal,Benefícios,Plano de benefícios,Fornecedor Prime,RH,1142.24,2025-07-22,2025-07-21,Pago,Conta Corrente
2025-06-22,Despesa,Financeira,Tarifas Bancárias,Tarifa bancária,Fornecedor Central,TI,677.35,2025-07-12,,Em aberto,Conta Digital
2025-06-22,Receita,Serviços,Assessoria,Assessoria administrativa,Cliente Alpha,Consultoria,10197.09,2025-07-12,2025-07-12,Recebido,Conta Digital
2025-06-22,Despesa,Operacional,Energia,Conta de energia,Fornecedor Atlas,RH,776.69,2025-07-22,2025-07-17,Pago,Conta Investimento
2025-06-23,Receita,Serviços,Assessoria,Assessoria mensal,Cliente Beta,Comercial,8922.27,2025-07-13,2025-07-10,Recebido,Conta Investimento
2025-06-23,Receita,Outras Receitas,Recuperação de Créditos,Recuperação de valores,Cliente Delta,Consultoria,2355.9,2025-07-08,2025-07-05,Recebido,Conta Corrente
2025-06-24,Receita,Serviços,Projetos,Projeto de análise,Cliente Beta,Consultoria,10211.87,2025-07-14,2025-07-11,Recebido,Conta Digital
2025-06-25,Despesa,Operacional,Energia,Conta de energia,Fornecedor Beta,Financeiro,731.26,2025-07-25,2025-07-22,Pago,Conta Corrente
2025-06-25,Despesa,Operacional,Aluguel,Aluguel do escritório,Fornecedor Central,Financeiro,8726.13,2025-08-09,2025-08-09,Pago,Conta Digital
2025-06-26,Despesa,Financeira,Tarifas Bancárias,Tarifa bancária,Fornecedor Central,TI,943.92,2025-07-26,2025-07-25,Pago,Conta Corrente
2025-06-26,Receita,Serviços,Consultoria,Consultoria financeira,Cliente Ômega,Projetos,7574.28,2025-08-10,2025-08-07,Recebido,Conta Corrente
2025-06-26,Despesa,Operacional,Software,Ferramenta de produtividade,Fornecedor Atlas,Administrativo,859.33,2025-07-01,,Atrasado,Conta Digital
2025-06-26,Despesa,Comercial,Marketing,Publicidade digital,Fornecedor Digital,Operacional,585.28,2025-07-11,2025-07-10,Pago,Conta Corrente
2025-06-27,Receita,Outras Receitas,Recuperação de Créditos,Recuperação de valores,Cliente Delta,Projetos,3426.11,2025-07-27,2025-07-25,Recebido,Conta Digital
2025-06-27,Despesa,Impostos,Tributos,Impostos e contribuições,Fornecedor Atlas,TI,5200.75,2025-07-07,2025-07-02,Pago,Conta Digital
2025-06-28,Despesa,Administrativa,Serviços Terceirizados,Serviços contábeis,Fornecedor Atlas,Administrativo,600.62,2025-07-28,2025-07-25,Pago,Conta Digital
2025-06-28,Receita,Serviços,Projetos,Projeto de análise,Cliente Delta,Consultoria,7141.81,2025-07-13,2025-07-13,Recebido,Conta Investimento
2025-06-29,Receita,Serviços,Consultoria,Consultoria estratégica,Cliente Delta,Projetos,8191.26,2025-07-29,2025-07-24,Recebido,Conta Digital
2025-06-29,Despesa,Administrativa,Material de Escritório,Material de escritório,Fornecedor Beta,Administrativo,760.7,2025-08-13,2025-08-12,Pago,Conta Digital
2025-06-29,Receita,Outras Receitas,Recuperação de Créditos,Recuperação de valores,Cliente Ômega,Projetos,15612.91,2025-07-29,2025-07-26,Recebido,Conta Corrente
2025-06-30,Despesa,Operacional,Software,Ferramenta de produtividade,Fornecedor Beta,Financeiro,480.15,2025-07-05,2025-07-05,Pago,Conta Investimento
2025-06-30,Despesa,Financeira,Tarifas Bancárias,Tarifa bancária,Fornecedor Beta,Administrativo,1603.14,2025-07-30,,Atrasado,Conta Corrente
2025-07-01,Receita,Serviços,Assessoria,Assessoria administrativa,Cliente Ômega,Comercial,12231.37,2025-07-11,2025-07-11,Recebido,Conta Corrente
2025-07-02,Receita,Outras Receitas,Recuperação de Créditos,Recuperação de valores,Cliente Delta,Consultoria,5963.36,2025-07-22,2025-07-17,Recebido,Conta Investimento
2025-07-03,Receita,Serviços,Assessoria,Assessoria administrativa,Cliente Ômega,Projetos,10108.68,2025-07-23,,Em aberto,Conta Digital
2025-07-04,Despesa,Administrativa,Serviços Terceirizados,Suporte técnico,Fornecedor Atlas,RH,579.87,2025-08-03,2025-07-31,Pago,Conta Investimento
2025-07-05,Despesa,Financeira,Juros,Juros e encargos,Fornecedor Prime,Financeiro,639.77,2025-07-15,,Em aberto,Conta Investimento
2025-07-05,Despesa,Operacional,Energia,Conta de energia,Fornecedor Digital,Operacional,245.15,2025-08-04,2025-07-30,Pago,Conta Investimento
2025-07-05,Receita,Serviços,Consultoria,Consultoria estratégica,Cliente Beta,Projetos,2174.43,2025-07-20,2025-07-19,Recebido,Conta Digital
2025-07-06,Despesa,Operacional,Internet,Internet empresarial,Fornecedor Central,Operacional,491.99,2025-08-05,,Atrasado,Conta Digital
2025-07-06,Despesa,Comercial,Marketing,Publicidade digital,Fornecedor Atlas,Comercial,1444.01,2025-07-11,,Em aberto,Conta Corrente
2025-07-06,Despesa,Impostos,Tributos,Impostos e contribuições,Fornecedor Digital,TI,3316.7,2025-09-04,,Cancelado,Conta Investimento
2025-07-06,Receita,Serviços,Projetos,Projeto de melhoria de processos,Cliente Beta,Projetos,7042.52,2025-07-16,2025-07-13,Recebido,Conta Corrente
2025-07-07,Receita,Serviços,Assessoria,Assessoria mensal,Cliente Beta,Projetos,12549.63,2025-08-06,2025-08-01,Recebido,Conta Corrente
2025-07-07,Receita,Serviços,Projetos,Projeto de implantação,Cliente Beta,Consultoria,13322.23,2025-07-12,2025-07-12,Recebido,Conta Investimento
2025-07-07,Receita,Serviços,Consultoria,Consultoria financeira,Cliente Beta,Consultoria,11737.55,2025-08-06,2025-08-06,Recebido,Conta Corrente
2025-07-08,Receita,Serviços,Projetos,Projeto de implantação,Cliente Beta,Projetos,15921.76,2025-08-07,2025-08-07,Recebido,Conta Investimento
2025-07-08,Despesa,Pessoal,Salários,Folha de pagamento,Fornecedor Atlas,RH,16034.64,2025-08-22,2025-08-20,Pago,Conta Corrente
2025-07-09,Despesa,Operacional,Internet,Internet empresarial,Fornecedor Atlas,RH,150.35,2025-08-08,2025-08-06,Pago,Conta Corrente
2025-07-09,Despesa,Operacional,Aluguel,Aluguel do escritório,Fornecedor Prime,Financeiro,4518.92,2025-09-07,2025-09-04,Pago,Conta Corrente
2025-07-09,Despesa,Operacional,Internet,Internet empresarial,Fornecedor Beta,Financeiro,303.79,2025-07-29,2025-07-27,Pago,Conta Digital
2025-07-09,Despesa,Operacional,Aluguel,Aluguel do escritório,Fornecedor Beta,Comercial,7472.82,2025-07-14,2025-07-13,Pago,Conta Digital
2025-07-09,Despesa,Administrativa,Material de Escritório,Material de escritório,Fornecedor Prime,TI,692.03,2025-07-19,2025-07-19,Pago,Conta Digital
2025-07-09,Despesa,Operacional,Aluguel,Aluguel do escritório,Fornecedor Prime,Financeiro,7358.63,2025-07-19,,Atrasado,Conta Investimento
2025-07-10,Receita,Serviços,Projetos,Projeto de melhoria de processos,Cliente Delta,Comercial,21456.06,2025-08-24,2025-08-24,Recebido,Conta Investimento
2025-07-10,Despesa,Operacional,Energia,Conta de energia,Fornecedor Prime,RH,227.23,2025-07-20,,Atrasado,Conta Corrente
2025-07-10,Receita,Serviços,Consultoria,Consultoria estratégica,Cliente Alpha,Comercial,2260.72,2025-07-15,2025-07-10,Recebido,Conta Investimento
2025-07-11,Despesa,Operacional,Energia,Conta de energia,Fornecedor Beta,Operacional,931.24,2025-07-31,2025-07-28,Pago,Conta Investimento
2025-07-11,Despesa,Operacional,Internet,Internet empresarial,Fornecedor Atlas,Operacional,1821.93,2025-08-25,2025-08-20,Pago,Conta Investimento
2025-07-11,Receita,Serviços,Consultoria,Consultoria financeira,Cliente Alpha,Projetos,8295.33,2025-08-25,,Atrasado,Conta Investimento
2025-07-11,Despesa,Administrativa,Material de Escritório,Material de escritório,Fornecedor Beta,Operacional,317.35,2025-07-26,2025-07-26,Pago,Conta Investimento
2025-07-11,Receita,Serviços,Assessoria,Assessoria administrativa,Cliente Ômega,Consultoria,6955.5,2025-07-21,2025-07-19,Recebido,Conta Digital
2025-07-11,Despesa,Financeira,Tarifas Bancárias,Tarifa bancária,Fornecedor Atlas,Financeiro,806.31,2025-07-31,,Cancelado,Conta Digital
2025-07-13,Receita,Serviços,Assessoria,Assessoria financeira,Cliente Ômega,Consultoria,6532.16,2025-08-02,,Em aberto,Conta Investimento
2025-07-13,Despesa,Operacional,Aluguel,Aluguel do escritório,Fornecedor Prime,RH,2792.34,2025-08-12,2025-08-10,Pago,Conta Investimento
2025-07-14,Despesa,Administrativa,Serviços Terceirizados,Serviços contábeis,Fornecedor Digital,TI,3616.77,2025-08-28,2025-08-27,Pago,Conta Corrente
2025-07-15,Despesa,Administrativa,Material de Escritório,Material de escritório,Fornecedor Atlas,Administrativo,1380.25,2025-08-14,,Em aberto,Conta Corrente
2025-07-15,Despesa,Administrativa,Serviços Terceirizados,Serviços jurídicos,Fornecedor Atlas,Financeiro,510.2,2025-07-20,,Em aberto,Conta Digital
2025-07-16,Despesa,Pessoal,Benefícios,Vale alimentação,Fornecedor Atlas,Financeiro,1515.19,2025-08-15,2025-08-10,Pago,Conta Corrente
2025-07-16,Despesa,Operacional,Software,Ferramenta de produtividade,Fornecedor Central,Financeiro,1858.48,2025-08-15,2025-08-10,Pago,Conta Investimento
2025-07-17,Despesa,Operacional,Aluguel,Aluguel do escritório,Fornecedor Prime,Administrativo,5570.59,2025-08-16,,Em aberto,Conta Corrente
2025-07-17,Despesa,Operacional,Software,Licença de software,Fornecedor Digital,RH,1740.56,2025-08-31,,Em aberto,Conta Investimento
2025-07-17,Receita,Serviços,Consultoria,Consultoria empresarial,Cliente Beta,Comercial,10501.88,2025-08-16,2025-08-11,Recebido,Conta Corrente
2025-07-18,Despesa,Operacional,Energia,Conta de energia,Fornecedor Atlas,Financeiro,1829.81,2025-07-28,2025-07-26,Pago,Conta Digital
2025-07-20,Receita,Serviços,Consultoria,Consultoria financeira,Cliente Alpha,Projetos,35000.0,2025-07-30,,Cancelado,Conta Digital
2025-07-20,Despesa,Administrativa,Material de Escritório,Material de escritório,Fornecedor Prime,TI,1494.63,2025-08-09,2025-08-09,Pago,Conta Corrente
2025-07-20,Despesa,Pessoal,Benefícios,Plano de benefícios,Fornecedor Central,RH,727.66,2025-08-19,2025-08-18,Pago,Conta Digital
2025-07-21,Despesa,Administrativa,Material de Escritório,Material de escritório,Fornecedor Digital,Administrativo,1048.86,2025-09-04,2025-09-01,Pago,Conta Investimento
2025-07-21,Receita,Serviços,Projetos,Projeto de implantação,Cliente Gama,Consultoria,7763.94,2025-08-10,2025-08-08,Recebido,Conta Investimento
2025-07-21,Despesa,Administrativa,Material de Escritório,Material de escritório,Fornecedor Digital,Financeiro,727.82,2025-08-20,2025-08-19,Pago,Conta Investimento
2025-07-22,Despesa,Pessoal,Salários,Folha de pagamento,Fornecedor Central,Operacional,24856.88,2025-08-21,,Em aberto,Conta Digital
2025-07-22,Receita,Serviços,Consultoria,Consultoria financeira,Cliente Alpha,Comercial,2200.11,2025-07-27,,Cancelado,Conta Investimento
2025-07-23,Despesa,Financeira,Juros,Juros e encargos,Fornecedor Central,TI,1569.27,2025-09-21,2025-09-18,Pago,Conta Investimento
2025-07-24,Receita,Outras Receitas,Recuperação de Créditos,Recuperação de valores,Cliente Gama,Projetos,1241.63,2025-08-23,2025-08-20,Recebido,Conta Investimento
2025-07-25,Despesa,Operacional,Energia,Conta de energia,Fornecedor Central,Administrativo,1206.4,2025-09-23,2025-09-20,Pago,Conta Corrente
2025-07-25,Receita,Outras Receitas,Recuperação de Créditos,Recuperação de valores,Cliente Gama,Projetos,3508.3,2025-08-04,,Atrasado,Conta Investimento
2025-07-26,Despesa,Operacional,Software,Ferramenta de produtividade,Fornecedor Atlas,TI,640.93,2025-08-25,2025-08-24,Pago,Conta Investimento
2025-07-26,Despesa,Pessoal,Benefícios,Plano de benefícios,Fornecedor Beta,Operacional,2832.04,2025-08-10,2025-08-10,Pago,Conta Investimento
2025-07-27,Despesa,Impostos,Tributos,Impostos e contribuições,Fornecedor Digital,Financeiro,6236.92,2025-08-06,,Em aberto,Conta Digital
2025-07-27,Despesa,Pessoal,Salários,Folha de pagamento,Fornecedor Central,RH,24050.8,2025-08-26,2025-08-23,Pago,Conta Corrente
2025-07-27,Despesa,Pessoal,Salários,Folha de pagamento,Fornecedor Central,Administrativo,20118.44,2025-08-16,,Atrasado,Conta Investimento
2025-07-31,Despesa,Financeira,Tarifas Bancárias,Tarifa bancária,Fornecedor Atlas,RH,485.48,2025-08-05,2025-08-03,Pago,Conta Digital
2025-08-01,Despesa,Pessoal,Salários,Folha de pagamento,Fornecedor Prime,Financeiro,25048.75,2025-08-21,,Em aberto,Conta Corrente
2025-08-01,Despesa,Financeira,Tarifas Bancárias,Tarifa bancária,Fornecedor Digital,RH,281.32,2025-08-06,2025-08-05,Pago,Conta Investimento
2025-08-02,Despesa,Impostos,Tributos,Impostos e contribuições,Fornecedor Atlas,RH,7263.17,2025-08-12,,Em aberto,Conta Corrente
2025-08-03,Receita,Serviços,Consultoria,Consultoria estratégica,Cliente Beta,Consultoria,13516.9,2025-08-18,,Em aberto,Conta Corrente
2025-08-03,Receita,Serviços,Assessoria,Assessoria administrativa,Cliente Delta,Projetos,8722.88,2025-08-08,2025-08-07,Recebido,Conta Digital
2025-08-03,Receita,Serviços,Consultoria,Consultoria financeira,Cliente Delta,Projetos,3228.32,2025-08-13,,Em aberto,Conta Corrente
2025-08-03,Receita,Serviços,Assessoria,Assessoria administrativa,Cliente Gama,Comercial,7974.22,2025-08-13,2025-08-12,Recebido,Conta Corrente
2025-08-03,Receita,Serviços,Projetos,Projeto de análise,Cliente Delta,Projetos,19543.06,2025-08-23,2025-08-21,Recebido,Conta Digital
2025-08-04,Despesa,Comercial,Marketing,Publicidade digital,Fornecedor Prime,Financeiro,645.46,2025-08-19,2025-08-16,Pago,Conta Corrente
2025-08-05,Despesa,Pessoal,Benefícios,Plano de benefícios,Fornecedor Atlas,RH,237.24,2025-08-10,2025-08-05,Pago,Conta Digital
2025-08-05,Despesa,Administrativa,Material de Escritório,Material de escritório,Fornecedor Prime,Operacional,1457.8,2025-10-04,2025-10-04,Pago,Conta Investimento
2025-08-05,Receita,Outras Receitas,Recuperação de Créditos,Recuperação de valores,Cliente Gama,Consultoria,2739.65,2025-09-19,2025-09-17,Recebido,Conta Investimento
2025-08-05,Despesa,Financeira,Tarifas Bancárias,Tarifa bancária,Fornecedor Beta,Financeiro,622.01,2025-08-25,2025-08-20,Pago,Conta Investimento
2025-08-05,Receita,Outras Receitas,Recuperação de Créditos,Recuperação de valores,Cliente Delta,Projetos,10014.22,2025-08-20,,Atrasado,Conta Investimento
2025-08-05,Receita,Serviços,Projetos,Projeto de análise,Cliente Beta,Projetos,2403.68,2025-08-15,,Atrasado,Conta Investimento
2025-08-06,Receita,Serviços,Assessoria,Assessoria mensal,Cliente Beta,Consultoria,5830.91,2025-08-16,,Cancelado,Conta Digital
2025-08-06,Despesa,Operacional,Internet,Internet empresarial,Fornecedor Digital,Operacional,413.62,2025-09-20,2025-09-15,Pago,Conta Corrente
2025-08-06,Receita,Serviços,Projetos,Projeto de implantação,Cliente Ômega,Projetos,5170.63,2025-09-05,2025-09-02,Recebido,Conta Digital
2025-08-06,Despesa,Comercial,Marketing,Material institucional,Fornecedor Central,Financeiro,668.0,2025-08-26,2025-08-23,Pago,Conta Corrente
2025-08-08,Despesa,Impostos,Tributos,Tributos sobre faturamento,Fornecedor Digital,Financeiro,9066.16,2025-09-22,,Em aberto,Conta Digital
2025-08-08,Despesa,Financeira,Juros,Juros e encargos,Fornecedor Digital,RH,271.04,2025-09-07,,Atrasado,Conta Investimento
2025-08-08,Receita,Serviços,Assessoria,Assessoria administrativa,Cliente Delta,Projetos,17623.19,2025-10-07,,Atrasado,Conta Investimento
2025-08-08,Receita,Outras Receitas,Recuperação de Créditos,Recuperação de valores,Cliente Ômega,Comercial,3159.14,2025-08-13,2025-08-10,Recebido,Conta Corrente
2025-08-08,Despesa,Operacional,Energia,Conta de energia,Fornecedor Atlas,Financeiro,605.42,2025-08-13,2025-08-10,Pago,Conta Investimento
2025-08-08,Receita,Serviços,Projetos,Projeto de implantação,Cliente Alpha,Projetos,9368.08,2025-09-07,,Em aberto,Conta Digital
2025-08-09,Despesa,Operacional,Aluguel,Aluguel do escritório,Fornecedor Central,Comercial,6387.1,2025-09-08,2025-09-07,Pago,Conta Digital
2025-08-10,Despesa,Pessoal,Salários,Folha de pagamento,Fornecedor Beta,Financeiro,22219.54,2025-09-09,,Em aberto,Conta Digital
2025-08-10,Receita,Serviços,Projetos,Projeto de implantação,Cliente Alpha,Projetos,5865.0,2025-09-09,2025-09-04,Recebido,Conta Corrente
2025-08-10,Receita,Serviços,Assessoria,Assessoria financeira,Cliente Alpha,Projetos,5468.76,2025-08-25,2025-08-22,Recebido,Conta Investimento
2025-08-11,Receita,Serviços,Consultoria,Consultoria financeira,Cliente Gama,Projetos,11789.81,2025-08-21,,Em aberto,Conta Investimento
2025-08-11,Despesa,Pessoal,Salários,Folha de pagamento,Fornecedor Atlas,TI,24432.06,2025-09-10,2025-09-05,Pago,Conta Investimento
2025-08-11,Despesa,Operacional,Energia,Conta de energia,Fornecedor Atlas,Comercial,715.86,2025-08-16,,Em aberto,Conta Corrente
2025-08-11,Receita,Serviços,Assessoria,Assessoria administrativa,Cliente Gama,Projetos,13147.48,2025-08-26,2025-08-21,Recebido,Conta Digital
2025-08-12,Receita,Serviços,Consultoria,Consultoria estratégica,Cliente Alpha,Consultoria,6438.25,2025-09-26,2025-09-24,Recebido,Conta Digital
2025-08-12,Receita,Serviços,Projetos,Projeto de análise,Cliente Beta,Consultoria,7125.92,2025-09-01,,Em aberto,Conta Investimento
2025-08-12,Despesa,Pessoal,Salários,Folha de pagamento,Fornecedor Prime,TI,24507.38,2025-09-11,2025-09-11,Pago,Conta Digital
2025-08-12,Despesa,Administrativa,Serviços Terceirizados,Suporte técnico,Fornecedor Central,Operacional,640.21,2025-09-01,2025-09-01,Pago,Conta Investimento
2025-08-13,Despesa,Operacional,Energia,Conta de energia,Fornecedor Digital,Comercial,272.9,2025-09-12,,Cancelado,Conta Corrente
2025-08-13,Receita,Outras Receitas,Recuperação de Créditos,Recuperação de valores,Cliente Beta,Projetos,1767.01,2025-09-12,2025-09-11,Recebido,Conta Digital
2025-08-13,Despesa,Impostos,Tributos,Tributos sobre faturamento,Fornecedor Atlas,Comercial,5623.78,2025-09-02,,Em aberto,Conta Corrente
2025-08-14,Receita,Serviços,Consultoria,Consultoria financeira,Cliente Beta,Comercial,11237.94,2025-08-29,2025-08-27,Recebido,Conta Investimento
2025-08-14,Despesa,Comercial,Marketing,Material institucional,Fornecedor Beta,Comercial,259.57,2025-08-29,2025-08-29,Pago,Conta Digital
2025-08-15,Despesa,Operacional,Aluguel,Aluguel do escritório,Fornecedor Beta,Financeiro,3267.75,2025-09-14,,Atrasado,Conta Digital
2025-08-15,Receita,Serviços,Consultoria,Consultoria financeira,Cliente Delta,Projetos,7453.57,2025-09-14,2025-09-14,Recebido,Conta Corrente
2025-08-15,Despesa,Operacional,Aluguel,Aluguel do escritório,Fornecedor Atlas,Financeiro,7976.85,2025-09-14,2025-09-11,Pago,Conta Digital
2025-08-15,Receita,Serviços,Consultoria,Consultoria empresarial,Cliente Ômega,Projetos,6121.11,2025-09-14,2025-09-12,Recebido,Conta Corrente
2025-08-16,Despesa,Pessoal,Benefícios,Plano de benefícios,Fornecedor Digital,TI,1172.52,2025-08-26,2025-08-25,Pago,Conta Digital
2025-08-17,Despesa,Financeira,Juros,Juros e encargos,Fornecedor Atlas,Operacional,978.59,2025-10-01,2025-09-28,Pago,Conta Digital
2025-08-17,Receita,Outras Receitas,Recuperação de Créditos,Recuperação de valores,Cliente Delta,Consultoria,8473.76,2025-09-16,,Em aberto,Conta Digital
2025-08-17,Despesa,Administrativa,Serviços Terceirizados,Suporte técnico,Fornecedor Atlas,TI,1056.88,2025-09-06,2025-09-06,Pago,Conta Investimento
2025-08-18,Despesa,Operacional,Aluguel,Aluguel do escritório,Fornecedor Central,Operacional,3032.76,2025-08-28,2025-08-25,Pago,Conta Digital
2025-08-18,Receita,Serviços,Assessoria,Assessoria financeira,Cliente Alpha,Consultoria,4971.65,2025-09-17,2025-09-14,Recebido,Conta Digital
2025-08-19,Despesa,Comercial,Marketing,Publicidade digital,Fornecedor Central,Operacional,2454.78,2025-09-18,,Em aberto,Conta Corrente
2025-08-19,Despesa,Administrativa,Material de Escritório,Material de escritório,Fornecedor Prime,RH,977.31,2025-09-18,2025-09-16,Pago,Conta Corrente
2025-08-19,Despesa,Administrativa,Serviços Terceirizados,Serviços contábeis,Fornecedor Central,TI,747.87,2025-09-08,2025-09-03,Pago,Conta Corrente
2025-08-19,Receita,Serviços,Consultoria,Consultoria estratégica,Cliente Beta,Projetos,17297.88,2025-10-03,2025-09-30,Recebido,Conta Investimento
2025-08-21,Receita,Outras Receitas,Recuperação de Créditos,Recuperação de valores,Cliente Beta,Projetos,5656.97,2025-09-05,,Atrasado,Conta Corrente
2025-08-21,Despesa,Operacional,Energia,Conta de energia,Fornecedor Digital,Comercial,1355.16,2025-08-31,,Em aberto,Conta Digital
2025-08-21,Despesa,Pessoal,Benefícios,Plano de benefícios,Fornecedor Central,RH,991.17,2025-09-20,2025-09-17,Pago,Conta Digital
2025-08-21,Receita,Serviços,Assessoria,Assessoria administrativa,Cliente Delta,Projetos,7447.98,2025-09-20,2025-09-20,Recebido,Conta Investimento
2025-08-21,Receita,Serviços,Assessoria,Assessoria administrativa,Cliente Ômega,Projetos,10824.31,2025-09-10,2025-09-07,Recebido,Conta Investimento
2025-08-21,Despesa,Operacional,Aluguel,Aluguel do escritório,Fornecedor Atlas,Administrativo,6907.2,2025-09-20,2025-09-18,Pago,Conta Corrente
2025-08-22,Despesa,Operacional,Energia,Conta de energia,Fornecedor Beta,Financeiro,1162.1,2025-09-06,2025-09-01,Pago,Conta Digital
2025-08-23,Despesa,Operacional,Energia,Conta de energia,Fornecedor Beta,Financeiro,227.29,2025-09-02,2025-09-02,Pago,Conta Digital
2025-08-24,Despesa,Financeira,Tarifas Bancárias,Tarifa bancária,Fornecedor Atlas,Operacional,1209.31,2025-09-08,2025-09-06,Pago,Conta Investimento
2025-08-24,Despesa,Operacional,Energia,Conta de energia,Fornecedor Prime,Administrativo,1587.23,2025-09-03,,Atrasado,Conta Digital
2025-08-25,Despesa,Administrativa,Serviços Terceirizados,Serviços contábeis,Fornecedor Beta,RH,415.05,2025-09-09,2025-09-04,Pago,Conta Digital
2025-08-25,Despesa,Financeira,Tarifas Bancárias,Tarifa bancária,Fornecedor Prime,RH,129.14,2025-09-04,2025-09-04,Pago,Conta Digital
2025-08-25,Despesa,Pessoal,Salários,Folha de pagamento,Fornecedor Digital,TI,18388.11,2025-10-09,2025-10-07,Pago,Conta Investimento
2025-08-26,Despesa,Operacional,Energia,Conta de energia,Fornecedor Central,Administrativo,4235.12,2025-10-25,2025-10-22,Pago,Conta Investimento
2025-08-26,Despesa,Administrativa,Serviços Terceirizados,Suporte técnico,Fornecedor Central,Comercial,1509.21,2025-09-10,,Em aberto,Conta Investimento
2025-08-27,Despesa,Comercial,Marketing,Publicidade digital,Fornecedor Atlas,Administrativo,347.78,2025-09-16,2025-09-11,Pago,Conta Investimento
2025-08-27,Receita,Outras Receitas,Recuperação de Créditos,Recuperação de valores,Cliente Alpha,Projetos,5349.07,2025-09-16,2025-09-11,Recebido,Conta Corrente
2025-08-27,Despesa,Pessoal,Benefícios,Plano de benefícios,Fornecedor Digital,Administrativo,255.02,2025-09-16,2025-09-11,Pago,Conta Corrente
2025-08-28,Receita,Serviços,Projetos,Projeto de análise,Cliente Gama,Comercial,13481.86,2025-09-27,2025-09-25,Recebido,Conta Investimento
2025-08-28,Despesa,Administrativa,Material de Escritório,Material de escritório,Fornecedor Atlas,Administrativo,419.14,2025-09-27,,Em aberto,Conta Digital
2025-08-29,Despesa,Operacional,Energia,Conta de energia,Fornecedor Central,Comercial,404.15,2025-09-03,2025-09-01,Pago,Conta Investimento
2025-08-30,Receita,Serviços,Projetos,Projeto de implantação,Cliente Delta,Projetos,10990.44,2025-09-09,2025-09-06,Recebido,Conta Investimento
2025-08-30,Despesa,Operacional,Energia,Conta de energia,Fornecedor Digital,RH,1251.15,2025-09-29,2025-09-24,Pago,Conta Investimento
2025-08-30,Despesa,Operacional,Aluguel,Aluguel do escritório,Fornecedor Beta,Administrativo,4454.96,2025-09-04,2025-09-02,Pago,Conta Digital
2025-08-30,Despesa,Operacional,Software,Ferramenta de produtividade,Fornecedor Prime,RH,704.71,2025-09-29,2025-09-27,Pago,Conta Digital
2025-08-31,Despesa,Impostos,Tributos,Impostos e contribuições,Fornecedor Central,RH,5104.58,2025-09-30,,Cancelado,Conta Corrente
2025-09-01,Receita,Serviços,Consultoria,Consultoria empresarial,Cliente Ômega,Comercial,11028.08,2025-10-01,2025-09-28,Recebido,Conta Digital
2025-09-03,Receita,Serviços,Consultoria,Consultoria estratégica,Cliente Alpha,Consultoria,3253.22,2025-09-18,2025-09-15,Recebido,Conta Digital
2025-09-03,Receita,Serviços,Projetos,Projeto de implantação,Cliente Beta,Comercial,3764.05,2025-09-08,2025-09-07,Recebido,Conta Digital
2025-09-04,Receita,Serviços,Projetos,Projeto de melhoria de processos,Cliente Beta,Comercial,12821.71,2025-10-04,2025-10-01,Recebido,Conta Corrente
2025-09-04,Despesa,Operacional,Energia,Conta de energia,Fornecedor Beta,Comercial,956.08,2025-10-04,2025-10-02,Pago,Conta Digital
2025-09-04,Receita,Serviços,Consultoria,Consultoria empresarial,Cliente Gama,Projetos,5293.84,2025-09-09,2025-09-04,Recebido,Conta Corrente
2025-09-04,Despesa,Pessoal,Salários,Folha de pagamento,Fornecedor Digital,Comercial,23352.67,2025-09-14,,Em aberto,Conta Digital
2025-09-06,Despesa,Operacional,Software,Sistemas corporativos,Fornecedor Beta,TI,2101.83,2025-09-21,2025-09-18,Pago,Conta Corrente
2025-09-06,Despesa,Pessoal,Benefícios,Vale alimentação,Fornecedor Atlas,TI,990.81,2025-09-16,2025-09-13,Pago,Conta Investimento
2025-09-07,Despesa,Operacional,Software,Ferramenta de produtividade,Fornecedor Atlas,TI,520.61,2025-09-17,2025-09-17,Pago,Conta Investimento
2025-09-07,Receita,Serviços,Projetos,Projeto de melhoria de processos,Cliente Beta,Projetos,3925.46,2025-10-07,2025-10-06,Recebido,Conta Digital
2025-09-07,Receita,Serviços,Consultoria,Consultoria empresarial,Cliente Delta,Comercial,13406.01,2025-09-27,2025-09-27,Recebido,Conta Investimento
2025-09-08,Despesa,Operacional,Energia,Conta de energia,Fornecedor Central,RH,497.08,2025-10-08,,Em aberto,Conta Corrente
2025-09-08,Despesa,Pessoal,Salários,Folha de pagamento,Fornecedor Beta,Comercial,15809.98,2025-10-08,,Cancelado,Conta Corrente
2025-09-09,Despesa,Operacional,Software,Licença de software,Fornecedor Prime,Administrativo,1087.87,2025-11-08,2025-11-08,Pago,Conta Digital
2025-09-09,Despesa,Financeira,Tarifas Bancárias,Tarifa bancária,Fornecedor Central,TI,1544.42,2025-09-19,2025-09-14,Pago,Conta Corrente
2025-09-09,Despesa,Operacional,Software,Sistemas corporativos,Fornecedor Beta,Operacional,3293.75,2025-09-19,2025-09-16,Pago,Conta Corrente
2025-09-09,Receita,Serviços,Projetos,Projeto de implantação,Cliente Alpha,Consultoria,6640.05,2025-09-19,2025-09-16,Recebido,Conta Digital
2025-09-09,Despesa,Financeira,Tarifas Bancárias,Tarifa bancária,Fornecedor Digital,Comercial,1558.09,2025-10-09,,Em aberto,Conta Digital
2025-09-09,Despesa,Impostos,Tributos,Tributos sobre faturamento,Fornecedor Central,TI,3197.63,2025-10-09,2025-10-07,Pago,Conta Corrente
2025-09-09,Despesa,Impostos,Tributos,Impostos e contribuições,Fornecedor Central,Comercial,8379.91,2025-10-09,2025-10-07,Pago,Conta Digital
2025-09-10,Receita,Serviços,Projetos,Projeto de implantação,Cliente Ômega,Comercial,13895.3,2025-10-10,,Em aberto,Conta Investimento
2025-09-10,Receita,Outras Receitas,Recuperação de Créditos,Recuperação de valores,Cliente Delta,Projetos,5223.41,2025-09-25,,Atrasado,Conta Digital
2025-09-10,Despesa,Operacional,Software,Ferramenta de produtividade,Fornecedor Central,Operacional,1433.24,2025-09-25,,Em aberto,Conta Digital
2025-09-10,Despesa,Administrativa,Material de Escritório,Material de escritório,Fornecedor Prime,TI,2275.79,2025-10-10,2025-10-10,Pago,Conta Corrente
2025-09-10,Despesa,Administrativa,Serviços Terceirizados,Serviços contábeis,Fornecedor Prime,Financeiro,539.99,2025-09-30,2025-09-30,Pago,Conta Digital
2025-09-11,Receita,Serviços,Projetos,Projeto de implantação,Cliente Gama,Consultoria,7942.05,2025-10-11,,Em aberto,Conta Investimento
2025-09-11,Receita,Serviços,Consultoria,Consultoria estratégica,Cliente Ômega,Projetos,12553.71,2025-09-21,2025-09-19,Recebido,Conta Digital
2025-09-11,Despesa,Impostos,Tributos,Tributos sobre faturamento,Fornecedor Prime,Operacional,9311.71,2025-10-11,2025-10-10,Pago,Conta Digital
2025-09-12,Despesa,Operacional,Internet,Internet empresarial,Fornecedor Beta,Administrativo,4269.39,2025-10-02,2025-10-01,Pago,Conta Corrente
2025-09-12,Despesa,Operacional,Software,Licença de software,Fornecedor Digital,TI,2500.4,2025-09-27,2025-09-26,Pago,Conta Digital
2025-09-12,Despesa,Impostos,Tributos,Impostos e contribuições,Fornecedor Prime,Financeiro,7391.68,2025-09-27,2025-09-27,Pago,Conta Corrente
2025-09-13,Receita,Outras Receitas,Recuperação de Créditos,Recuperação de valores,Cliente Beta,Consultoria,6811.59,2025-10-03,2025-10-02,Recebido,Conta Corrente
2025-09-13,Receita,Serviços,Assessoria,Assessoria financeira,Cliente Ômega,Consultoria,3227.69,2025-09-18,,Em aberto,Conta Digital
2025-09-14,Despesa,Operacional,Aluguel,Aluguel do escritório,Fornecedor Atlas,RH,2655.69,2025-10-14,2025-10-09,Pago,Conta Corrente
2025-09-14,Despesa,Comercial,Marketing,Publicidade digital,Fornecedor Digital,Financeiro,923.01,2025-09-19,,Atrasado,Conta Corrente
2025-09-15,Despesa,Comercial,Marketing,Material institucional,Fornecedor Central,Comercial,328.44,2025-11-14,,Em aberto,Conta Corrente
2025-09-15,Despesa,Administrativa,Material de Escritório,Material de escritório,Fornecedor Beta,Administrativo,4762.5,2025-10-05,2025-10-03,Pago,Conta Investimento
2025-09-16,Receita,Serviços,Projetos,Projeto de melhoria de processos,Cliente Alpha,Projetos,4907.91,2025-10-01,,Cancelado,Conta Digital
2025-09-16,Despesa,Impostos,Tributos,Tributos sobre faturamento,Fornecedor Central,Administrativo,5201.75,2025-10-16,,Em aberto,Conta Digital
2025-09-16,Despesa,Operacional,Energia,Conta de energia,Fornecedor Atlas,Administrativo,734.27,2025-10-06,2025-10-05,Pago,Conta Investimento
2025-09-16,Receita,Serviços,Assessoria,Assessoria administrativa,Cliente Alpha,Comercial,3735.4,2025-10-16,2025-10-15,Recebido,Conta Investimento
2025-09-16,Receita,Serviços,Assessoria,Assessoria financeira,Cliente Gama,Projetos,34857.79,2025-09-26,,Atrasado,Conta Investimento
2025-09-17,Despesa,Administrativa,Serviços Terceirizados,Serviços contábeis,Fornecedor Beta,TI,924.64,2025-10-17,,Em aberto,Conta Digital
2025-09-17,Receita,Serviços,Consultoria,Consultoria estratégica,Cliente Ômega,Projetos,2620.14,2025-10-17,2025-10-14,Recebido,Conta Digital
2025-09-18,Despesa,Operacional,Aluguel,Aluguel do escritório,Fornecedor Prime,Financeiro,9228.9,2025-09-28,2025-09-25,Pago,Conta Corrente
2025-09-19,Receita,Serviços,Assessoria,Assessoria mensal,Cliente Alpha,Consultoria,27487.34,2025-09-29,2025-09-24,Recebido,Conta Digital
2025-09-20,Despesa,Pessoal,Benefícios,Plano de benefícios,Fornecedor Prime,Operacional,745.19,2025-10-20,,Em aberto,Conta Digital
2025-09-21,Despesa,Operacional,Aluguel,Aluguel do escritório,Fornecedor Central,RH,7976.66,2025-10-06,2025-10-01,Pago,Conta Corrente
2025-09-21,Despesa,Administrativa,Material de Escritório,Material de escritório,Fornecedor Digital,Administrativo,348.77,2025-11-20,2025-11-17,Pago,Conta Investimento
2025-09-21,Despesa,Operacional,Energia,Conta de energia,Fornecedor Beta,Operacional,2644.44,2025-10-11,2025-10-06,Pago,Conta Investimento
2025-09-21,Receita,Serviços,Consultoria,Consultoria empresarial,Cliente Delta,Consultoria,8964.65,2025-11-20,,Em aberto,Conta Corrente
2025-09-21,Despesa,Operacional,Aluguel,Aluguel do escritório,Fornecedor Atlas,RH,2929.83,2025-10-01,,Em aberto,Conta Corrente
2025-09-22,Despesa,Operacional,Aluguel,Aluguel do escritório,Fornecedor Prime,Comercial,5103.94,2025-10-22,2025-10-20,Pago,Conta Investimento
2025-09-22,Despesa,Administrativa,Material de Escritório,Material de escritório,Fornecedor Central,RH,1500.38,2025-10-12,2025-10-07,Pago,Conta Digital
2025-09-24,Despesa,Pessoal,Benefícios,Vale transporte,Fornecedor Central,TI,555.03,2025-10-24,2025-10-23,Pago,Conta Digital
2025-09-24,Receita,Serviços,Assessoria,Assessoria financeira,Cliente Beta,Consultoria,4377.06,2025-11-23,2025-11-21,Recebido,Conta Digital
2025-09-25,Despesa,Operacional,Aluguel,Aluguel do escritório,Fornecedor Prime,Comercial,6970.48,2025-09-30,2025-09-25,Pago,Conta Corrente
2025-09-25,Receita,Serviços,Projetos,Projeto de análise,Cliente Alpha,Projetos,23566.56,2025-10-10,2025-10-05,Recebido,Conta Corrente
2025-09-25,Despesa,Pessoal,Salários,Folha de pagamento,Fornecedor Prime,Financeiro,10555.5,2025-10-10,2025-10-09,Pago,Conta Investimento
2025-09-25,Receita,Serviços,Assessoria,Assessoria administrativa,Cliente Alpha,Projetos,3323.54,2025-09-30,2025-09-28,Recebido,Conta Digital
2025-09-25,Receita,Serviços,Projetos,Projeto de análise,Cliente Delta,Consultoria,19042.12,2025-10-05,,Atrasado,Conta Corrente
2025-09-26,Despesa,Financeira,Tarifas Bancárias,Tarifa bancária,Fornecedor Atlas,Operacional,152.91,2025-10-26,,Atrasado,Conta Investimento
2025-09-27,Despesa,Administrativa,Material de Escritório,Material de escritório,Fornecedor Digital,Administrativo,582.15,2025-10-17,2025-10-17,Pago,Conta Corrente
2025-09-28,Despesa,Financeira,Tarifas Bancárias,Tarifa bancária,Fornecedor Beta,Operacional,2065.91,2025-10-03,,Em aberto,Conta Digital
2025-09-28,Receita,Serviços,Consultoria,Consultoria estratégica,Cliente Alpha,Consultoria,2364.27,2025-10-18,2025-10-13,Recebido,Conta Digital
2025-09-28,Despesa,Comercial,Marketing,Publicidade digital,Fornecedor Atlas,Financeiro,2029.9,2025-10-18,2025-10-13,Pago,Conta Investimento
2025-09-28,Despesa,Financeira,Tarifas Bancárias,Tarifa bancária,Fornecedor Central,Operacional,442.33,2025-10-13,2025-10-13,Pago,Conta Investimento
2025-09-29,Receita,Serviços,Projetos,Projeto de implantação,Cliente Beta,Projetos,4395.25,2025-10-19,2025-10-18,Recebido,Conta Corrente
2025-09-29,Despesa,Operacional,Aluguel,Aluguel do escritório,Fornecedor Atlas,TI,9347.81,2025-10-29,2025-10-28,Pago,Conta Investimento
2025-09-30,Despesa,Operacional,Aluguel,Aluguel do escritório,Fornecedor Prime,TI,8653.2,2025-10-20,2025-10-18,Pago,Conta Corrente
2025-09-30,Receita,Serviços,Assessoria,Assessoria administrativa,Cliente Delta,Comercial,6111.46,2025-10-05,,Em aberto,Conta Investimento
2025-10-01,Despesa,Operacional,Energia,Conta de energia,Fornecedor Beta,Comercial,431.04,2025-10-11,2025-10-06,Pago,Conta Investimento
2025-10-02,Despesa,Operacional,Energia,Conta de energia,Fornecedor Central,Comercial,930.94,2025-10-22,,Cancelado,Conta Corrente
2025-10-02,Despesa,Operacional,Internet,Internet empresarial,Fornecedor Central,TI,2930.15,2025-11-01,2025-10-29,Pago,Conta Corrente
2025-10-04,Despesa,Operacional,Aluguel,Aluguel do escritório,Fornecedor Digital,Administrativo,8966.52,2025-10-19,2025-10-14,Pago,Conta Corrente
2025-10-04,Despesa,Pessoal,Benefícios,Vale transporte,Fornecedor Atlas,Comercial,383.0,2025-11-03,,Em aberto,Conta Corrente
2025-10-04,Receita,Outras Receitas,Recuperação de Créditos,Recuperação de valores,Cliente Alpha,Projetos,27517.29,2025-11-18,,Em aberto,Conta Investimento
2025-10-04,Despesa,Operacional,Energia,Conta de energia,Fornecedor Prime,RH,861.42,2025-11-03,,Atrasado,Conta Investimento
2025-10-05,Despesa,Operacional,Aluguel,Aluguel do escritório,Fornecedor Atlas,RH,7802.61,2025-11-04,,Em aberto,Conta Investimento
2025-10-06,Despesa,Pessoal,Benefícios,Vale alimentação,Fornecedor Atlas,TI,2679.93,2025-10-16,2025-10-13,Pago,Conta Corrente
2025-10-06,Receita,Outras Receitas,Recuperação de Créditos,Recuperação de valores,Cliente Ômega,Projetos,9730.72,2025-10-26,2025-10-23,Recebido,Conta Investimento
2025-10-07,Despesa,Comercial,Marketing,Material institucional,Fornecedor Digital,RH,1756.55,2025-11-06,2025-11-04,Pago,Conta Corrente
2025-10-07,Despesa,Comercial,Marketing,Publicidade digital,Fornecedor Atlas,RH,995.86,2025-11-06,2025-11-06,Pago,Conta Investimento
2025-10-07,Despesa,Operacional,Software,Licença de software,Fornecedor Beta,TI,2364.41,2025-10-12,2025-10-09,Pago,Conta Investimento
2025-10-07,Receita,Serviços,Projetos,Projeto de implantação,Cliente Delta,Projetos,28441.93,2025-12-06,2025-12-03,Recebido,Conta Corrente
2025-10-07,Receita,Serviços,Projetos,Projeto de análise,Cliente Alpha,Projetos,7228.39,2025-11-06,2025-11-06,Recebido,Conta Investimento
2025-10-08,Receita,Serviços,Consultoria,Consultoria financeira,Cliente Alpha,Comercial,7123.15,2025-11-07,2025-11-06,Recebido,Conta Corrente
2025-10-09,Despesa,Administrativa,Serviços Terceirizados,Serviços contábeis,Fornecedor Atlas,RH,2515.49,2025-11-08,2025-11-03,Pago,Conta Investimento
2025-10-10,Despesa,Financeira,Juros,Juros e encargos,Fornecedor Beta,Financeiro,526.15,2025-11-24,,Em aberto,Conta Investimento
2025-10-10,Despesa,Financeira,Tarifas Bancárias,Tarifa bancária,Fornecedor Prime,Comercial,2167.17,2025-10-25,2025-10-23,Pago,Conta Corrente
2025-10-10,Despesa,Pessoal,Benefícios,Vale transporte,Fornecedor Digital,TI,1256.2,2025-11-09,2025-11-07,Pago,Conta Investimento
2025-10-10,Despesa,Pessoal,Benefícios,Vale transporte,Fornecedor Beta,Financeiro,445.95,2025-11-09,2025-11-08,Pago,Conta Digital
2025-10-10,Despesa,Comercial,Marketing,Publicidade digital,Fornecedor Prime,Comercial,647.88,2025-11-09,2025-11-04,Pago,Conta Corrente
2025-10-11,Despesa,Administrativa,Serviços Terceirizados,Suporte técnico,Fornecedor Beta,Operacional,751.25,2025-10-31,2025-10-30,Pago,Conta Investimento
2025-10-11,Despesa,Administrativa,Serviços Terceirizados,Serviços jurídicos,Fornecedor Prime,Comercial,3412.81,2025-11-25,2025-11-22,Pago,Conta Investimento
2025-10-11,Despesa,Comercial,Marketing,Publicidade digital,Fornecedor Digital,Comercial,1413.81,2025-11-10,2025-11-08,Pago,Conta Investimento
2025-10-11,Despesa,Pessoal,Salários,Folha de pagamento,Fornecedor Prime,RH,24324.97,2025-10-21,2025-10-20,Pago,Conta Investimento
2025-10-12,Despesa,Operacional,Aluguel,Aluguel do escritório,Fornecedor Atlas,Administrativo,9274.36,2025-10-27,,Em aberto,Conta Digital
2025-10-12,Despesa,Financeira,Juros,Juros e encargos,Fornecedor Beta,Operacional,679.83,2025-10-17,2025-10-15,Pago,Conta Corrente
2025-10-13,Despesa,Comercial,Marketing,Material institucional,Fornecedor Digital,Operacional,869.72,2025-11-12,2025-11-10,Pago,Conta Investimento
2025-10-13,Despesa,Operacional,Energia,Conta de energia,Fornecedor Central,Operacional,770.17,2025-11-12,2025-11-09,Pago,Conta Digital
2025-10-13,Despesa,Financeira,Juros,Juros e encargos,Fornecedor Digital,Operacional,1383.33,2025-10-18,2025-10-16,Pago,Conta Digital
2025-10-13,Despesa,Financeira,Juros,Juros e encargos,Fornecedor Digital,TI,1181.17,2025-11-12,2025-11-12,Pago,Conta Digital
2025-10-13,Receita,Serviços,Projetos,Projeto de implantação,Cliente Beta,Projetos,5244.67,2025-11-02,2025-10-28,Recebido,Conta Digital
2025-10-15,Despesa,Financeira,Juros,Juros e encargos,Fornecedor Central,Administrativo,294.82,2025-10-25,2025-10-24,Pago,Conta Corrente
2025-10-15,Receita,Serviços,Projetos,Projeto de análise,Cliente Gama,Projetos,14203.34,2025-11-29,2025-11-24,Recebido,Conta Digital
2025-10-15,Receita,Serviços,Consultoria,Consultoria estratégica,Cliente Ômega,Consultoria,6290.99,2025-11-14,2025-11-12,Recebido,Conta Digital
2025-10-16,Despesa,Pessoal,Benefícios,Vale alimentação,Fornecedor Prime,TI,1026.08,2025-10-26,2025-10-23,Pago,Conta Digital
2025-10-16,Receita,Serviços,Consultoria,Consultoria empresarial,Cliente Ômega,Consultoria,10506.77,2025-11-15,,Cancelado,Conta Investimento
2025-10-16,Despesa,Pessoal,Benefícios,Vale alimentação,Fornecedor Digital,Comercial,628.73,2025-12-15,2025-12-15,Pago,Conta Digital
2025-10-16,Despesa,Operacional,Internet,Internet empresarial,Fornecedor Atlas,TI,383.38,2025-11-15,,Em aberto,Conta Investimento
2025-10-17,Despesa,Operacional,Software,Sistemas corporativos,Fornecedor Central,TI,1964.54,2025-11-06,2025-11-05,Pago,Conta Digital
2025-10-17,Receita,Serviços,Projetos,Projeto de melhoria de processos,Cliente Alpha,Projetos,3386.22,2025-11-16,2025-11-15,Recebido,Conta Investimento
2025-10-19,Despesa,Administrativa,Material de Escritório,Material de escritório,Fornecedor Central,Financeiro,1326.15,2025-10-29,,Atrasado,Conta Digital
2025-10-20,Receita,Serviços,Assessoria,Assessoria mensal,Cliente Alpha,Consultoria,2956.32,2025-12-04,2025-12-02,Recebido,Conta Investimento
2025-10-21,Receita,Outras Receitas,Recuperação de Créditos,Recuperação de valores,Cliente Gama,Projetos,2124.92,2025-11-10,2025-11-09,Recebido,Conta Digital
2025-10-21,Despesa,Operacional,Software,Ferramenta de produtividade,Fornecedor Beta,RH,393.63,2025-11-10,,Em aberto,Conta Investimento
2025-10-21,Receita,Serviços,Consultoria,Consultoria empresarial,Cliente Gama,Consultoria,6598.75,2025-11-20,,Em aberto,Conta Digital
2025-10-22,Despesa,Administrativa,Serviços Terceirizados,Suporte técnico,Fornecedor Digital,RH,1975.15,2025-12-06,2025-12-03,Pago,Conta Corrente
2025-10-23,Despesa,Operacional,Energia,Conta de energia,Fornecedor Digital,Administrativo,327.41,2025-12-07,2025-12-05,Pago,Conta Corrente
2025-10-25,Despesa,Administrativa,Serviços Terceirizados,Serviços jurídicos,Fornecedor Central,TI,1513.64,2025-11-14,2025-11-12,Pago,Conta Corrente
2025-10-26,Despesa,Operacional,Internet,Internet empresarial,Fornecedor Digital,TI,345.74,2025-11-25,2025-11-25,Pago,Conta Digital
2025-10-28,Despesa,Comercial,Marketing,Publicidade digital,Fornecedor Beta,Financeiro,526.85,2025-11-27,2025-11-25,Pago,Conta Corrente
2025-10-28,Receita,Outras Receitas,Recuperação de Créditos,Recuperação de valores,Cliente Beta,Consultoria,6943.95,2025-11-17,2025-11-16,Recebido,Conta Investimento
2025-10-29,Receita,Outras Receitas,Recuperação de Créditos,Recuperação de valores,Cliente Delta,Projetos,6618.54,2025-11-13,2025-11-12,Recebido,Conta Investimento
2025-10-29,Despesa,Pessoal,Salários,Folha de pagamento,Fornecedor Digital,Operacional,10756.6,2025-11-28,2025-11-25,Pago,Conta Digital
2025-10-30,Despesa,Impostos,Tributos,Impostos e contribuições,Fornecedor Digital,TI,2873.98,2025-11-19,2025-11-18,Pago,Conta Corrente
2025-10-30,Despesa,Operacional,Aluguel,Aluguel do escritório,Fornecedor Digital,Operacional,9437.98,2025-11-14,2025-11-12,Pago,Conta Digital
2025-10-30,Despesa,Impostos,Tributos,Tributos sobre faturamento,Fornecedor Beta,RH,8864.55,2025-11-19,2025-11-14,Pago,Conta Corrente
2025-10-31,Despesa,Administrativa,Material de Escritório,Material de escritório,Fornecedor Beta,Financeiro,900.87,2025-11-30,,Em aberto,Conta Corrente
2025-10-31,Despesa,Operacional,Internet,Internet empresarial,Fornecedor Beta,Administrativo,1933.61,2025-12-30,,Em aberto,Conta Digital
2025-10-31,Receita,Serviços,Consultoria,Consultoria financeira,Cliente Beta,Consultoria,8613.5,2025-11-15,,Em aberto,Conta Digital
2025-10-31,Receita,Serviços,Projetos,Projeto de melhoria de processos,Cliente Alpha,Projetos,9411.4,2025-11-10,2025-11-05,Recebido,Conta Corrente
2025-10-31,Despesa,Operacional,Aluguel,Aluguel do escritório,Fornecedor Digital,Financeiro,3871.28,2025-11-30,2025-11-25,Pago,Conta Digital
2025-11-01,Receita,Serviços,Consultoria,Consultoria financeira,Cliente Delta,Projetos,5109.78,2025-12-01,2025-11-26,Recebido,Conta Digital
2025-11-01,Despesa,Operacional,Aluguel,Aluguel do escritório,Fornecedor Atlas,Operacional,6073.46,2025-11-16,2025-11-13,Pago,Conta Digital
2025-11-02,Receita,Serviços,Assessoria,Assessoria mensal,Cliente Alpha,Comercial,3367.36,2025-12-02,,Atrasado,Conta Investimento
2025-11-02,Despesa,Financeira,Tarifas Bancárias,Tarifa bancária,Fornecedor Atlas,TI,701.92,2025-11-22,2025-11-19,Pago,Conta Digital
2025-11-02,Receita,Outras Receitas,Recuperação de Créditos,Recuperação de valores,Cliente Delta,Consultoria,6007.29,2025-12-02,2025-11-27,Recebido,Conta Digital
2025-11-03,Despesa,Comercial,Marketing,Publicidade digital,Fornecedor Central,TI,743.43,2025-12-03,2025-12-03,Pago,Conta Investimento
2025-11-03,Despesa,Operacional,Aluguel,Aluguel do escritório,Fornecedor Central,TI,6749.32,2025-11-18,2025-11-18,Pago,Conta Digital
2025-11-04,Despesa,Pessoal,Salários,Folha de pagamento,Fornecedor Central,Operacional,19868.43,2025-11-24,2025-11-21,Pago,Conta Investimento
2025-11-04,Receita,Serviços,Projetos,Projeto de implantação,Cliente Ômega,Comercial,3786.63,2025-11-14,,Em aberto,Conta Investimento
2025-11-04,Receita,Serviços,Assessoria,Assessoria mensal,Cliente Ômega,Projetos,19175.02,2025-11-09,2025-11-04,Recebido,Conta Investimento
2025-11-05,Despesa,Pessoal,Salários,Folha de pagamento,Fornecedor Atlas,Administrativo,15999.55,2025-11-10,2025-11-09,Pago,Conta Digital
2025-11-06,Despesa,Administrativa,Material de Escritório,Material de escritório,Fornecedor Prime,TI,2457.03,2025-11-11,,Em aberto,Conta Corrente
2025-11-06,Receita,Serviços,Assessoria,Assessoria financeira,Cliente Beta,Projetos,3295.89,2025-12-06,,Atrasado,Conta Digital
2025-11-07,Receita,Outras Receitas,Recuperação de Créditos,Recuperação de valores,Cliente Alpha,Consultoria,6309.1,2025-12-07,,Em aberto,Conta Digital
2025-11-07,Despesa,Administrativa,Material de Escritório,Material de escritório,Fornecedor Atlas,Operacional,368.19,2025-12-07,2025-12-05,Pago,Conta Digital
2025-11-08,Despesa,Pessoal,Benefícios,Vale transporte,Fornecedor Beta,Comercial,2521.8,2025-12-23,,Em aberto,Conta Corrente
2025-11-08,Despesa,Pessoal,Salários,Folha de pagamento,Fornecedor Digital,Administrativo,15673.36,2025-11-28,2025-11-28,Pago,Conta Investimento
2025-11-09,Despesa,Financeira,Juros,Juros e encargos,Fornecedor Prime,RH,845.57,2025-12-24,,Atrasado,Conta Corrente
2025-11-09,Despesa,Comercial,Marketing,Material institucional,Fornecedor Beta,TI,5437.36,2025-11-14,2025-11-14,Pago,Conta Digital
2025-11-10,Despesa,Impostos,Tributos,Tributos sobre faturamento,Fornecedor Beta,Comercial,3884.39,2025-11-20,2025-11-19,Pago,Conta Digital
2025-11-10,Receita,Serviços,Assessoria,Assessoria mensal,Cliente Delta,Projetos,7297.43,2025-12-10,,Em aberto,Conta Investimento
2025-11-10,Despesa,Impostos,Tributos,Impostos e contribuições,Fornecedor Digital,Operacional,9404.02,2025-11-15,2025-11-13,Pago,Conta Digital
2025-11-11,Despesa,Operacional,Software,Licença de software,Fornecedor Digital,Operacional,741.34,2025-11-26,,Em aberto,Conta Corrente
2025-11-11,Despesa,Comercial,Marketing,Material institucional,Fornecedor Central,TI,4871.83,2025-12-11,,Em aberto,Conta Digital
2025-11-12,Receita,Serviços,Assessoria,Assessoria financeira,Cliente Delta,Projetos,6177.71,2025-11-17,2025-11-16,Recebido,Conta Corrente
2025-11-12,Despesa,Administrativa,Serviços Terceirizados,Serviços contábeis,Fornecedor Atlas,Financeiro,2555.24,2025-11-22,2025-11-20,Pago,Conta Investimento
2025-11-12,Despesa,Operacional,Software,Sistemas corporativos,Fornecedor Central,RH,655.38,2025-12-12,2025-12-09,Pago,Conta Digital
2025-11-13,Despesa,Operacional,Energia,Conta de energia,Fornecedor Beta,Financeiro,398.49,2025-11-23,2025-11-20,Pago,Conta Digital
2025-11-13,Despesa,Administrativa,Serviços Terceirizados,Suporte técnico,Fornecedor Atlas,Comercial,2808.95,2025-11-23,2025-11-20,Pago,Conta Corrente
2025-11-13,Despesa,Operacional,Internet,Internet empresarial,Fornecedor Prime,Financeiro,1951.74,2025-12-03,,Cancelado,Conta Digital
2025-11-14,Despesa,Impostos,Tributos,Impostos e contribuições,Fornecedor Prime,RH,6053.57,2025-12-14,,Cancelado,Conta Investimento
2025-11-14,Despesa,Operacional,Energia,Conta de energia,Fornecedor Atlas,Operacional,671.47,2025-11-19,,Cancelado,Conta Digital
2025-11-14,Despesa,Operacional,Energia,Conta de energia,Fornecedor Atlas,TI,790.49,2025-12-14,,Cancelado,Conta Corrente
2025-11-15,Despesa,Operacional,Aluguel,Aluguel do escritório,Fornecedor Digital,TI,6337.81,2025-12-05,2025-12-04,Pago,Conta Investimento
2025-11-16,Receita,Serviços,Consultoria,Consultoria financeira,Cliente Delta,Projetos,4160.75,2025-12-01,2025-11-30,Recebido,Conta Investimento
2025-11-17,Despesa,Operacional,Aluguel,Aluguel do escritório,Fornecedor Atlas,Comercial,8995.76,2025-12-02,2025-12-01,Pago,Conta Investimento
2025-11-17,Despesa,Pessoal,Salários,Folha de pagamento,Fornecedor Beta,Operacional,11313.82,2025-11-27,,Em aberto,Conta Corrente
2025-11-18,Receita,Serviços,Consultoria,Consultoria estratégica,Cliente Alpha,Projetos,5197.71,2025-11-23,2025-11-23,Recebido,Conta Digital
2025-11-19,Despesa,Operacional,Energia,Conta de energia,Fornecedor Beta,Financeiro,1387.24,2026-01-03,2026-01-01,Pago,Conta Investimento
2025-11-19,Despesa,Pessoal,Benefícios,Vale alimentação,Fornecedor Digital,Administrativo,330.46,2025-12-19,2025-12-16,Pago,Conta Investimento
2025-11-19,Despesa,Financeira,Juros,Juros e encargos,Fornecedor Prime,Comercial,775.76,2025-12-19,,Cancelado,Conta Corrente
2025-11-20,Receita,Serviços,Consultoria,Consultoria empresarial,Cliente Alpha,Projetos,4479.16,2025-12-05,2025-12-05,Recebido,Conta Corrente
2025-11-21,Despesa,Comercial,Marketing,Publicidade digital,Fornecedor Central,RH,1269.56,2026-01-05,,Em aberto,Conta Investimento
2025-11-21,Receita,Serviços,Consultoria,Consultoria financeira,Cliente Delta,Consultoria,3878.94,2025-12-01,2025-11-30,Recebido,Conta Corrente
2025-11-21,Despesa,Operacional,Software,Ferramenta de produtividade,Fornecedor Prime,Administrativo,716.02,2025-12-11,,Em aberto,Conta Investimento
2025-11-22,Despesa,Financeira,Juros,Juros e encargos,Fornecedor Prime,Comercial,3876.27,2025-12-22,2025-12-19,Pago,Conta Digital
2025-11-22,Despesa,Operacional,Energia,Conta de energia,Fornecedor Digital,Administrativo,259.57,2025-12-07,2025-12-07,Pago,Conta Digital
2025-11-23,Despesa,Comercial,Marketing,Publicidade digital,Fornecedor Atlas,Operacional,1338.54,2025-12-03,2025-12-03,Pago,Conta Corrente
2025-11-23,Despesa,Operacional,Internet,Internet empresarial,Fornecedor Atlas,Administrativo,370.47,2025-12-03,,Em aberto,Conta Investimento
2025-11-23,Receita,Serviços,Assessoria,Assessoria mensal,Cliente Gama,Projetos,12894.9,2026-01-07,2026-01-06,Recebido,Conta Investimento
2025-11-24,Despesa,Operacional,Aluguel,Aluguel do escritório,Fornecedor Digital,RH,6440.76,2025-12-04,2025-12-03,Pago,Conta Digital
2025-11-25,Receita,Serviços,Projetos,Projeto de análise,Cliente Alpha,Projetos,7028.33,2025-12-25,2025-12-23,Recebido,Conta Corrente
2025-11-26,Despesa,Pessoal,Benefícios,Vale alimentação,Fornecedor Atlas,RH,2092.52,2025-12-01,2025-12-01,Pago,Conta Investimento
2025-11-26,Despesa,Impostos,Tributos,Tributos sobre faturamento,Fornecedor Atlas,Financeiro,5752.71,2025-12-26,,Cancelado,Conta Corrente
2025-11-27,Despesa,Operacional,Software,Ferramenta de produtividade,Fornecedor Central,Financeiro,488.64,2025-12-27,2025-12-26,Pago,Conta Corrente
2025-11-27,Receita,Serviços,Projetos,Projeto de melhoria de processos,Cliente Alpha,Projetos,6159.17,2026-01-11,,Em aberto,Conta Corrente
2025-11-27,Receita,Outras Receitas,Recuperação de Créditos,Recuperação de valores,Cliente Beta,Comercial,4068.56,2025-12-07,,Cancelado,Conta Investimento
2025-12-01,Despesa,Pessoal,Benefícios,Vale transporte,Fornecedor Central,Administrativo,354.11,2025-12-31,2025-12-31,Pago,Conta Corrente
2025-12-02,Despesa,Administrativa,Material de Escritório,Material de escritório,Fornecedor Beta,Comercial,389.73,2026-01-31,,Atrasado,Conta Digital
2025-12-03,Despesa,Administrativa,Serviços Terceirizados,Suporte técnico,Fornecedor Prime,Administrativo,3258.64,2026-01-02,,Atrasado,Conta Corrente
2025-12-04,Despesa,Comercial,Marketing,Publicidade digital,Fornecedor Central,Operacional,1232.77,2025-12-09,2025-12-04,Pago,Conta Corrente
2025-12-04,Despesa,Comercial,Marketing,Material institucional,Fornecedor Digital,RH,2912.07,2026-02-02,2026-01-31,Pago,Conta Corrente
2025-12-04,Despesa,Operacional,Energia,Conta de energia,Fornecedor Digital,Operacional,463.03,2025-12-24,2025-12-19,Pago,Conta Corrente
2025-12-04,Despesa,Operacional,Energia,Conta de energia,Fornecedor Atlas,Financeiro,1576.64,2026-01-03,,Em aberto,Conta Corrente
2025-12-05,Despesa,Administrativa,Serviços Terceirizados,Serviços jurídicos,Fornecedor Prime,TI,962.38,2026-02-03,2026-02-03,Pago,Conta Investimento
2025-12-05,Despesa,Administrativa,Serviços Terceirizados,Suporte técnico,Fornecedor Central,Financeiro,590.87,2025-12-20,2025-12-17,Pago,Conta Corrente
2025-12-06,Despesa,Operacional,Internet,Internet empresarial,Fornecedor Prime,Comercial,1639.3,2026-01-05,,Em aberto,Conta Corrente
2025-12-06,Despesa,Pessoal,Benefícios,Vale transporte,Fornecedor Central,Administrativo,375.33,2025-12-21,2025-12-20,Pago,Conta Digital
2025-12-06,Despesa,Operacional,Aluguel,Aluguel do escritório,Fornecedor Prime,Financeiro,7153.55,2026-01-05,2026-01-05,Pago,Conta Investimento
2025-12-06,Despesa,Operacional,Energia,Conta de energia,Fornecedor Atlas,Financeiro,1593.48,2025-12-26,2025-12-21,Pago,Conta Digital
2025-12-07,Despesa,Comercial,Marketing,Material institucional,Fornecedor Central,Administrativo,2197.7,2026-01-21,,Atrasado,Conta Investimento
2025-12-07,Despesa,Operacional,Software,Licença de software,Fornecedor Atlas,TI,543.92,2025-12-22,2025-12-20,Pago,Conta Digital
2025-12-07,Despesa,Operacional,Energia,Conta de energia,Fornecedor Atlas,Comercial,1153.91,2025-12-22,2025-12-22,Pago,Conta Investimento
2025-12-08,Receita,Serviços,Assessoria,Assessoria administrativa,Cliente Delta,Consultoria,9770.06,2025-12-13,,Em aberto,Conta Investimento
2025-12-08,Despesa,Financeira,Tarifas Bancárias,Tarifa bancária,Fornecedor Prime,Operacional,1787.94,2025-12-13,2025-12-12,Pago,Conta Digital
2025-12-08,Despesa,Comercial,Marketing,Material institucional,Fornecedor Beta,Comercial,1178.74,2026-01-07,2026-01-06,Pago,Conta Digital
2025-12-08,Receita,Outras Receitas,Recuperação de Créditos,Recuperação de valores,Cliente Gama,Projetos,1358.92,2026-01-22,,Cancelado,Conta Digital
2025-12-08,Despesa,Financeira,Tarifas Bancárias,Tarifa bancária,Fornecedor Beta,Operacional,575.37,2026-01-07,2026-01-04,Pago,Conta Digital
2025-12-08,Despesa,Operacional,Internet,Internet empresarial,Fornecedor Atlas,RH,862.27,2026-02-06,2026-02-01,Pago,Conta Corrente
2025-12-09,Despesa,Operacional,Software,Licença de software,Fornecedor Prime,Financeiro,887.64,2025-12-14,,Atrasado,Conta Digital
2025-12-10,Receita,Serviços,Projetos,Projeto de implantação,Cliente Beta,Projetos,10199.32,2025-12-20,2025-12-20,Recebido,Conta Digital
2025-12-10,Despesa,Financeira,Tarifas Bancárias,Tarifa bancária,Fornecedor Atlas,RH,958.26,2025-12-20,2025-12-18,Pago,Conta Investimento
2025-12-11,Receita,Serviços,Projetos,Projeto de implantação,Cliente Ômega,Projetos,3158.33,2025-12-31,,Cancelado,Conta Corrente
2025-12-11,Receita,Serviços,Projetos,Projeto de análise,Cliente Alpha,Comercial,3776.61,2025-12-21,2025-12-18,Recebido,Conta Digital
2025-12-12,Despesa,Pessoal,Benefícios,Vale alimentação,Fornecedor Digital,Administrativo,286.02,2025-12-17,,Em aberto,Conta Corrente
2025-12-12,Receita,Serviços,Assessoria,Assessoria administrativa,Cliente Gama,Projetos,6422.06,2025-12-17,2025-12-12,Recebido,Conta Corrente
2025-12-12,Receita,Serviços,Consultoria,Consultoria financeira,Cliente Gama,Projetos,18705.08,2026-01-01,,Atrasado,Conta Corrente
2025-12-12,Despesa,Comercial,Marketing,Material institucional,Fornecedor Prime,Operacional,529.24,2026-01-11,2026-01-11,Pago,Conta Investimento
2025-12-12,Receita,Serviços,Consultoria,Consultoria empresarial,Cliente Beta,Comercial,15830.51,2026-01-11,2026-01-06,Recebido,Conta Corrente
2025-12-12,Receita,Serviços,Consultoria,Consultoria financeira,Cliente Ômega,Consultoria,3653.4,2025-12-27,,Atrasado,Conta Corrente
2025-12-13,Despesa,Comercial,Marketing,Publicidade digital,Fornecedor Beta,RH,844.69,2026-01-27,2026-01-24,Pago,Conta Corrente
2025-12-14,Receita,Serviços,Assessoria,Assessoria administrativa,Cliente Delta,Projetos,2430.9,2026-01-13,2026-01-12,Recebido,Conta Investimento
2025-12-14,Receita,Serviços,Assessoria,Assessoria financeira,Cliente Beta,Comercial,5319.06,2025-12-24,2025-12-23,Recebido,Conta Corrente
2025-12-14,Despesa,Impostos,Tributos,Impostos e contribuições,Fornecedor Beta,Operacional,7825.83,2025-12-29,2025-12-27,Pago,Conta Investimento
2025-12-14,Despesa,Financeira,Juros,Juros e encargos,Fornecedor Central,Operacional,2148.3,2025-12-19,2025-12-19,Pago,Conta Corrente
2025-12-15,Receita,Serviços,Consultoria,Consultoria financeira,Cliente Ômega,Consultoria,8477.59,2026-01-14,2026-01-14,Recebido,Conta Digital
2025-12-15,Receita,Serviços,Projetos,Projeto de análise,Cliente Beta,Consultoria,8048.59,2026-01-29,2026-01-29,Recebido,Conta Investimento
2025-12-15,Despesa,Administrativa,Material de Escritório,Material de escritório,Fornecedor Atlas,Financeiro,537.66,2025-12-30,2025-12-28,Pago,Conta Corrente
2025-12-15,Despesa,Financeira,Tarifas Bancárias,Tarifa bancária,Fornecedor Prime,Financeiro,1325.67,2026-01-14,2026-01-09,Pago,Conta Investimento
2025-12-15,Despesa,Pessoal,Benefícios,Plano de benefícios,Fornecedor Prime,Comercial,681.39,2025-12-20,2025-12-20,Pago,Conta Digital
2025-12-16,Receita,Serviços,Assessoria,Assessoria administrativa,Cliente Beta,Consultoria,3472.42,2025-12-26,2025-12-23,Recebido,Conta Digital
2025-12-17,Despesa,Pessoal,Salários,Folha de pagamento,Fornecedor Prime,RH,21238.34,2025-12-22,2025-12-17,Pago,Conta Digital
2025-12-17,Receita,Serviços,Assessoria,Assessoria administrativa,Cliente Alpha,Projetos,8868.99,2026-01-06,,Em aberto,Conta Investimento
2025-12-18,Receita,Serviços,Projetos,Projeto de análise,Cliente Ômega,Comercial,14086.89,2026-01-02,2025-12-30,Recebido,Conta Digital
2025-12-18,Receita,Outras Receitas,Recuperação de Créditos,Recuperação de valores,Cliente Beta,Projetos,4616.84,2026-01-17,2026-01-15,Recebido,Conta Investimento
2025-12-20,Receita,Serviços,Assessoria,Assessoria mensal,Cliente Ômega,Comercial,3379.5,2026-01-09,,Atrasado,Conta Corrente
2025-12-21,Receita,Serviços,Assessoria,Assessoria mensal,Cliente Gama,Projetos,7114.9,2025-12-26,,Atrasado,Conta Digital
2025-12-21,Receita,Serviços,Projetos,Projeto de melhoria de processos,Cliente Beta,Projetos,9828.67,2025-12-26,,Em aberto,Conta Investimento
2025-12-21,Receita,Serviços,Consultoria,Consultoria estratégica,Cliente Delta,Projetos,4091.41,2025-12-31,,Em aberto,Conta Corrente
2025-12-23,Despesa,Operacional,Energia,Conta de energia,Fornecedor Beta,Financeiro,404.54,2026-01-02,2026-01-02,Pago,Conta Digital
2025-12-23,Despesa,Pessoal,Benefícios,Vale transporte,Fornecedor Beta,RH,1004.44,2026-02-06,,Em aberto,Conta Investimento
2025-12-23,Despesa,Operacional,Internet,Internet empresarial,Fornecedor Central,Comercial,1274.37,2026-01-12,2026-01-11,Pago,Conta Investimento
2025-12-24,Despesa,Operacional,Software,Ferramenta de produtividade,Fornecedor Central,Administrativo,493.63,2026-02-07,2026-02-06,Pago,Conta Corrente
2025-12-24,Receita,Serviços,Projetos,Projeto de análise,Cliente Gama,Consultoria,28533.78,2026-02-22,2026-02-17,Recebido,Conta Digital
2025-12-25,Despesa,Operacional,Aluguel,Aluguel do escritório,Fornecedor Prime,Financeiro,9324.57,2026-01-09,,Cancelado,Conta Corrente
2025-12-25,Receita,Outras Receitas,Recuperação de Créditos,Recuperação de valores,Cliente Alpha,Comercial,6964.45,2026-02-08,2026-02-07,Recebido,Conta Corrente
2025-12-26,Despesa,Operacional,Aluguel,Aluguel do escritório,Fornecedor Central,RH,7700.01,2026-01-25,2026-01-23,Pago,Conta Digital
2025-12-26,Receita,Serviços,Consultoria,Consultoria financeira,Cliente Beta,Projetos,8704.16,2026-02-24,2026-02-24,Recebido,Conta Corrente
2025-12-26,Receita,Serviços,Projetos,Projeto de implantação,Cliente Gama,Consultoria,8549.71,2026-02-24,,Em aberto,Conta Investimento
2025-12-26,Despesa,Comercial,Marketing,Material institucional,Fornecedor Beta,Operacional,637.58,2026-01-05,2025-12-31,Pago,Conta Investimento
2025-12-26,Despesa,Administrativa,Serviços Terceirizados,Suporte técnico,Fornecedor Beta,TI,1346.35,2026-02-24,,Atrasado,Conta Investimento
2025-12-27,Receita,Serviços,Projetos,Projeto de melhoria de processos,Cliente Gama,Projetos,2262.58,2026-02-10,,Em aberto,Conta Corrente
2025-12-27,Receita,Serviços,Consultoria,Consultoria estratégica,Cliente Gama,Projetos,21377.88,2026-01-26,2026-01-25,Recebido,Conta Corrente
2025-12-30,Despesa,Pessoal,Benefícios,Vale transporte,Fornecedor Beta,Administrativo,707.5,2026-01-19,2026-01-16,Pago,Conta Investimento
2025-12-30,Receita,Outras Receitas,Recuperação de Créditos,Recuperação de valores,Cliente Beta,Comercial,18193.32,2026-01-14,2026-01-11,Recebido,Conta Investimento
2025-12-31,Receita,Serviços,Assessoria,Assessoria financeira,Cliente Alpha,Projetos,5391.69,2026-01-20,2026-01-15,Recebido,Conta Corrente
2025-12-31,Receita,Serviços,Consultoria,Consultoria financeira,Cliente Ômega,Consultoria,3140.16,2026-01-10,2026-01-05,Recebido,Conta Investimento
2025-12-31,Receita,Serviços,Projetos,Projeto de análise,Cliente Gama,Projetos,5419.08,2026-01-05,2026-01-04,Recebido,Conta Corrente
2025-12-31,Despesa,Operacional,Software,Licença de software,Fornecedor Beta,RH,2131.93,2026-01-30,,Cancelado,Conta Investimento
